source,target,用量,relation
1,1,适量,辅料
1,2,适量,辅料
1,3,一个,辅料
1,4,适量,辅料
1,5,适量,辅料
1,6,适量,辅料
1,7,适量,辅料
1,8,一包,辅料
1,9,适量,辅料
2,10,半个,主食材
2,11,30克,主食材
2,12,30克,主食材
2,13,半根,主食材
2,14,1根,主食材
2,4,1勺,辅料
2,15,2根,辅料
2,5,半小勺,辅料
3,16,1斤,主食材
3,2,适量,辅料
3,5,根据自己口味调节,辅料
3,17,适量,辅料
3,1,适量,辅料
4,18,适量,主食材
4,19,适量,主食材
4,3,适量,辅料
4,2,适量,辅料
4,20,适量,辅料
4,5,适量,辅料
4,21,适量,辅料
4,22,适量,辅料
4,23,适量,辅料
4,24,适量,辅料
5,25,150g,主食材
5,4,半匙,辅料
5,1,几瓣,辅料
5,5,1g,辅料
6,26,1000克,主食材
6,27,10克,主食材
6,28,500克,主食材
6,8,6小勺,辅料
6,5,1小勺,辅料
6,29,适量,辅料
7,30,200g,主食材
7,31,一个,主食材
7,32,10颗,辅料
7,33,适量,辅料
8,26,300g,主食材
8,34,120g,主食材
8,35,60g,主食材
8,36,110g,主食材
8,37,120g,辅料
8,34,60g,辅料
8,38,500g,辅料
9,39,适量,主食材
9,40,2个,主食材
9,41,适量,辅料
9,42,适量,辅料
9,43,适量,辅料
9,5,适量,辅料
9,22,适量,辅料
9,6,适量,辅料
9,44,适量,辅料
10,45,2个,主食材
10,46,10几只,主食材
10,1,3瓣,辅料
10,2,3片,辅料
10,47,3个,辅料
10,6,少许,辅料
10,9,少许,辅料
10,48,少许,辅料
11,10,2个,主食材
12,49,1个,主食材
12,50,300克,主食材
12,51,400克,主食材
12,52,1500毫升,辅料
12,5,1小勺,辅料
13,53,400g,主食材
13,18,150g,主食材
13,1,一头,辅料
13,6,一勺,辅料
13,22,一勺,辅料
13,54,一勺,辅料
13,5,适量,辅料
13,9,适量,辅料
13,4,适量,辅料
14,26,适量,主食材
14,55,适量,主食材
14,56,适量,主食材
14,34,适量,辅料
14,57,适量,辅料
14,5,适量,辅料
15,58,一把,主食材
15,59,一个,主食材
15,18,半斤,主食材
15,1,少许,辅料
15,60,少许,辅料
15,2,少许,辅料
15,61,适量,辅料
15,5,适量,辅料
15,6,少许,辅料
15,23,少许,辅料
15,62,少许,辅料
16,18,250g,主食材
16,63,300g,主食材
16,13,100g,主食材
16,1,一头,辅料
16,3,适量,辅料
16,64,两勺,辅料
16,22,一勺,辅料
16,6,一勺,辅料
16,54,一勺,辅料
16,5,适量,辅料
16,4,适量,辅料
17,65,20g,辅料
17,66,1匙,辅料
17,5,2-3克,辅料
17,67,1勺,辅料
17,68,2克,辅料
17,7,2勺,辅料
17,21,1勺,辅料
18,69,适量,主食材
18,55,适量,主食材
18,70,适量,辅料
18,22,适量,辅料
18,71,适量,辅料
18,3,适量,辅料
19,11,500克,主食材
19,72,两根,主食材
19,12,80克,主食材
19,1,适量,辅料
19,5,适量,辅料
20,73,适量,主食材
20,6,适量,辅料
21,74,150g,主食材
21,75,少量,辅料
21,76,一个,辅料
21,77,50毫升,辅料
21,4,适量,辅料
21,5,少量,辅料
21,7,适量,辅料
21,21,适量,辅料
22,78,适量,主食材
22,79,适量,主食材
22,2,适量,辅料
22,4,适量,辅料
22,5,适量,辅料
22,6,适量,辅料
22,21,适量,辅料
23,80,适量,主食材
23,1,适量,辅料
23,4,适量,辅料
23,22,适量,辅料
23,21,适量,辅料
23,81,适量,辅料
24,82,一条,主食材
24,76,两个,辅料
24,75,一小段,辅料
24,2,一小块,辅料
24,77,100毫升,辅料
24,4,适量,辅料
24,5,适量,辅料
24,21,适量,辅料
24,7,适量,辅料
25,46,4只,主食材
25,83,100g,主食材
25,10,100g,辅料
25,41,半个,辅料
25,5,1g,辅料
25,23,适量,辅料
25,22,适量,辅料
26,84,三个,主食材
26,4,适量,辅料
26,5,少量,辅料
26,21,适量,辅料
27,84,2个,主食材
27,67,30个,主食材
27,28,125ml,主食材
27,85,62g,主食材
27,86,7g,主食材
27,37,7g,主食材
27,50,5g,主食材
28,3,适量,辅料
28,87,两勺,辅料
28,57,一勺,辅料
28,6,一勺,辅料
28,22,一勺,辅料
28,54,适量,辅料
29,88,500g,主食材
29,36,300ml,主食材
29,81,30g,主食材
29,27,5g,主食材
29,5,8g,主食材
29,65,30g,主食材
29,89,50g,辅料
29,90,100g,辅料
30,91,1500g,主食材
30,92,一个,主食材
30,2,适量,辅料
30,4,适量,辅料
30,6,适量,辅料
30,5,适量,辅料
30,9,适量,辅料
30,71,少许,辅料
30,93,适量,辅料
30,94,适量,辅料
31,95,1000克,主食材
31,13,200克,主食材
31,96,600克,主食材
31,84,6个,主食材
31,3,80克,主食材
31,2,20克,主食材
31,19,200克,主食材
31,97,15克,主食材
31,98,30克,辅料
31,21,45克,辅料
31,99,1中勺,辅料
31,22,45克,辅料
31,7,30克,辅料
31,5,6中勺,辅料
32,88,500g,主食材
32,28,300g,主食材
32,27,5g,主食材
32,100,3g,主食材
32,67,10g,主食材
32,101,10g,主食材
32,15,适量,辅料
32,102,3g,辅料
32,103,30g,辅料
32,5,7g,辅料
33,70,适量,主食材
33,104,适量,主食材
33,5,适量,辅料
33,6,适量,辅料
33,22,适量,辅料
33,23,适量,辅料
33,2,适量,辅料
33,71,适量,辅料
33,60,适量,辅料
34,105,适量,辅料
34,106,适量,辅料
34,6,适量,辅料
34,5,适量,辅料
35,107,1个,主食材
35,70,1块,主食材
35,41,半年,主食材
35,64,1勺,辅料
35,22,1勺,辅料
35,23,1勺,辅料
35,6,1勺,辅料
35,5,1勺,辅料
35,67,1勺,辅料
35,54,1勺,辅料
35,1,2瓣,辅料
36,37,90克,主食材
36,65,82克,主食材
36,108,4克,主食材
36,109,20克,主食材
36,35,45克,主食材
36,110,3滴,主食材
37,111,两块,主食材
37,112,适量,辅料
37,113,适量,辅料
37,5,适量,辅料
38,84,2个,主食材
38,85,一盒,主食材
38,67,适量,辅料
38,114,9个,辅料
39,115,适量,主食材
39,116,适量,辅料
39,61,适量,辅料
39,21,适量,辅料
39,5,适量,辅料
40,117,几条,主食材
40,4,1匙,辅料
40,52,适量,辅料
40,3,小许,辅料
41,36,60g,主食材
41,65,30g,主食材
41,67,5g,主食材
41,5,0.5g,主食材
41,37,35g,主食材
41,84,1.5个,主食材
41,118,200g,辅料
42,119,2根,主食材
42,120,1根半,主食材
42,22,适量,辅料
42,5,适量,辅料
42,121,适量,辅料
43,122,8个,主食材
43,3,1段,主食材
43,2,1小块,主食材
43,1,2瓣,主食材
43,5,2克,主食材
43,4,适量,辅料
44,52,若干,辅料
44,123,小许,辅料
45,13,适量,主食材
45,42,适量,主食材
45,124,适量,主食材
45,3,适量,辅料
45,4,适量,辅料
45,5,适量,辅料
45,21,适量,辅料
46,125,半碗,主食材
46,119,1根,主食材
46,126,1碗,主食材
46,41,¼个,辅料
46,127,1把,辅料
47,26,180g,主食材
47,84,3个,主食材
47,27,3g,主食材
47,15,适量,辅料
47,14,一根,辅料
47,5,适量,辅料
48,60,三个,辅料
48,1,少许,辅料
48,97,一棵,辅料
48,61,适量,辅料
48,5,少许,辅料
48,22,少许,辅料
49,128,500克,主食材
49,129,500g,辅料
49,18,200g,辅料
49,41,少许,辅料
50,130,1个,主食材
50,84,1个,辅料
50,5,2g,辅料
50,54,适量,辅料
50,3,少许,辅料
51,73,适量,主食材
51,6,适量,辅料
52,79,350G,主食材
52,32,适量,主食材
52,131,3颗（切片）,主食材
52,132,130G,主食材
52,52,适量,辅料
52,133,适量,辅料
52,106,一小块,辅料
53,37,60g,主食材
53,84,2个,主食材
53,134,30g,主食材
53,85,200ml,主食材
53,135,8g,主食材
53,65,15g,主食材
53,136,260克,辅料
53,134,20克,辅料
53,137,60克,辅料
53,5,0.5克,辅料
53,135,适量,辅料
55,138,适量,主食材
55,5,适量,辅料
55,1,适量,辅料
55,71,适量,辅料
55,3,适量,辅料
56,139,20g,主食材
56,131,4粒,主食材
56,32,10g,主食材
56,84,2个,主食材
56,133,25g,辅料
56,52,适量,辅料
57,140,适量,主食材
57,113,适量,辅料
58,41,半个,辅料
58,75,一条,辅料
58,2,半块,辅料
58,32,50g,辅料
58,141,3片,辅料
58,5,少许,辅料
59,55,200g,主食材
59,142,60g,主食材
59,4,4g,辅料
59,5,3g,辅料
59,9,1g,辅料
59,22,5g,辅料
60,143,200g,主食材
60,42,10朵,主食材
60,84,两个,主食材
60,144,5g,主食材
60,2,适量,辅料
60,1,适量,辅料
60,5,适量,辅料
60,57,适量,辅料
60,3,适量,辅料
60,6,一勺,辅料
61,145,300g,主食材
61,70,70g,主食材
61,3,4g,辅料
61,2,3g,辅料
61,1,1瓣,辅料
61,4,3g,辅料
61,5,3g,辅料
61,20,1g,辅料
61,22,10g,辅料
62,146,适量,主食材
62,147,适量,主食材
62,148,适量,主食材
62,106,适量,辅料
63,149,适量,主食材
63,1,适量,辅料
63,5,适量,辅料
63,22,适量,辅料
63,150,适量,辅料
64,151,半斤,主食材
64,152,八朵,主食材
64,153,八片,主食材
64,154,一根,主食材
64,84,三个,主食材
64,5,两勺,辅料
64,20,半勺,辅料
64,22,两勺,辅料
65,85,90克,主食材
65,155,3个,主食材
65,136,180克,主食材
65,156,150克,主食材
65,157,10克,主食材
65,136,300克,辅料
65,35,30克,辅料
65,158,40克,辅料
65,65,18克,辅料
65,136,60克,辅料
66,26,250克,主食材
66,27,3克,主食材
66,67,5克,主食材
66,28,125克,主食材
66,159,适量,辅料
67,5,适量,辅料
67,22,适量,辅料
68,18,50g,辅料
68,160,200g,辅料
68,21,1勺,辅料
68,64,2勺,辅料
68,54,1勺,辅料
69,42,适量,主食材
69,138,2个,主食材
69,40,3个,主食材
69,3,适量,辅料
69,2,适量,辅料
69,1,适量,辅料
69,60,2个,辅料
69,161,适量,辅料
69,162,适量,辅料
69,5,适量,辅料
69,121,适量,辅料
69,24,适量,辅料
69,23,适量,辅料
69,22,适量,辅料
69,21,适量,辅料
69,9,适量,辅料
70,163,140克,主食材
70,138,250克,主食材
70,5,适量,辅料
71,84,6个,主食材
71,164,适量,主食材
71,128,适量,主食材
71,5,适量,辅料
71,22,适量,辅料
72,165,100g,主食材
72,145,100g,主食材
72,78,80g,主食材
72,153,50g,主食材
72,13,50g,主食材
72,1,10g,辅料
72,4,1勺,辅料
72,5,2匙,辅料
72,121,1匙,辅料
73,112,100g,主食材
73,45,1个,主食材
73,78,80g,主食材
73,153,50g,主食材
73,13,50g,主食材
73,1,10g,辅料
73,4,1勺,辅料
73,5,2匙,辅料
73,121,1匙,辅料
73,57,1匙,辅料
74,13,一个,主食材
74,166,适量,主食材
74,103,8毫升,辅料
74,5,少许,辅料
75,167,适量,主食材
75,13,一根,主食材
75,168,适量,主食材
75,47,一个,主食材
75,2,几片,主食材
75,103,8毫升,辅料
75,5,少许,辅料
76,169,150克,主食材
76,3,适量,辅料
76,2,适量,辅料
76,54,3大勺,辅料
76,5,少许,辅料
76,81,少许,辅料
77,18,200g,主食材
77,170,适量,主食材
77,171,适量,辅料
77,5,10g,辅料
77,48,1g,辅料
77,172,1g,辅料
77,29,20g,辅料
77,71,1g,辅料
77,21,适量,辅料
78,126,适量,主食材
78,84,2个,主食材
78,125,适量,辅料
79,173,1个,主食材
79,145,1节,主食材
79,174,1撮,辅料
79,175,200ml,辅料
80,176,180g,主食材
80,4,半匙,辅料
80,5,1g,辅料
81,176,180g,主食材
81,4,半匙,辅料
81,5,1g,辅料
82,177,2片,主食材
82,178,一根,主食材
82,179,适量,主食材
82,180,适量,辅料
83,133,你喜欢的量,辅料
84,181,1把,主食材
85,182,6斤,主食材
85,2,3～5片,辅料
86,183,30g,辅料
86,5,100g,辅料
87,131,16粒,主食材
87,32,30g,主食材
87,184,1000g,主食材
87,185,5g,辅料
87,186,720g,辅料
88,132,300克,主食材
88,187,200克,主食材
88,188,5颗,辅料
88,13,一段,辅料
88,189,8只,辅料
88,72,2根,辅料
88,5,1勺,辅料
88,22,1勺,辅料
89,190,1只,主食材
89,2,8片,辅料
89,141,4片,辅料
89,162,2个,辅料
89,161,3克,辅料
89,191,4克,辅料
89,192,1个,辅料
89,60,10个,辅料
89,5,25克,辅料
89,22,3汤匙,辅料
89,7,3汤匙,辅料
90,193,适量,主食材
90,12,适量,主食材
90,79,适量,主食材
90,13,适量,辅料
90,5,适量,辅料
91,194,适量,主食材
91,72,适量,主食材
91,43,适量,主食材
91,2,适量,辅料
91,34,适量,辅料
91,5,适量,辅料
92,5,适量,辅料
92,121,适量,辅料
93,145,190克,主食材
93,120,半根,主食材
93,13,半根,主食材
93,64,适量,辅料
93,54,1勺,辅料
93,7,1勺,辅料
93,21,1勺,辅料
93,195,1勺半,辅料
93,67,1勺,辅料
93,52,2勺,辅料
94,196,适合,主食材
94,197,半条,主食材
94,1,2-3瓣,辅料
94,4,1大匙,辅料
94,5,适量,辅料
94,71,适量,辅料
95,198,两条,主食材
95,2,一小块,辅料
95,75,一小段,辅料
95,77,50毫升,辅料
95,4,适量,辅料
95,5,适量,辅料
96,199,1个,主食材
96,130,1个,主食材
96,1,2瓣,辅料
96,15,1根,辅料
96,200,2勺,辅料
96,48,1勺,辅料
96,21,1勺,辅料
96,7,1勺,辅料
96,5,半勺,辅料
96,71,半勺,辅料
97,74,150g,主食材
97,75,少量,辅料
97,76,一个,辅料
97,77,50毫升,辅料
97,4,适量,辅料
97,5,少量,辅料
97,7,适量,辅料
97,21,适量,辅料
98,78,适量,主食材
98,79,适量,主食材
98,2,适量,辅料
98,4,适量,辅料
98,5,适量,辅料
98,6,适量,辅料
98,21,适量,辅料
99,80,适量,主食材
99,1,适量,辅料
99,4,适量,辅料
99,22,适量,辅料
99,21,适量,辅料
99,81,适量,辅料
100,82,一条,主食材
100,76,两个,辅料
100,75,一小段,辅料
100,2,一小块,辅料
100,77,100毫升,辅料
100,4,适量,辅料
100,5,适量,辅料
100,21,适量,辅料
100,7,适量,辅料
101,83,适量,主食材
101,40,1只,主食材
101,160,200g,辅料
101,201,1块,辅料
101,202,2块,辅料
101,3,小许,辅料
101,5,1g,辅料
101,71,1g,辅料
101,52,适量,辅料
101,67,3g,辅料
102,153,50g,主食材
102,203,50g,主食材
102,204,1勺,辅料
102,22,1勺,辅料
102,17,1勺,辅料
102,5,适量,辅料
103,10,1个,主食材
103,197,50g,主食材
103,13,50g,辅料
103,205,2勺,辅料
104,206,半只,主食材
104,2,少许,辅料
104,3,少许,辅料
104,5,适量,辅料
104,61,适量,辅料
105,171,200g,主食材
105,84,2个,主食材
105,207,50g,辅料
105,34,3勺,辅料
105,5,适量,辅料
106,208,100g,主食材
106,209,3个,辅料
106,17,1勺,辅料
106,22,2勺,辅料
107,210,1根,主食材
107,76,5个,辅料
107,4,5勺,辅料
107,211,1勺,辅料
108,209,100g,辅料
108,5,适量,辅料
109,212,2根,主食材
109,213,2勺,辅料
109,211,1勺,辅料
109,5,适量,辅料
109,4,3勺,辅料
110,214,适量,主食材
110,215,适量,主食材
110,216,适量,辅料
110,79,适量,辅料
110,217,适量,辅料
110,2,少许,辅料
110,5,少许,辅料
111,218,适量,主食材
111,219,适量,主食材
111,32,少许,主食材
111,220,适量,主食材
111,146,适量,辅料
111,221,适量,辅料
111,131,适量,辅料
111,184,少许,辅料
111,222,适量,辅料
112,126,1碗,主食材
112,223,1个,主食材
112,13,半根,主食材
112,12,1把,主食材
112,167,1块,主食材
112,3,1段,主食材
112,22,1勺,主食材
112,21,1勺,主食材
112,5,1点点,辅料
112,4,适量,辅料
113,224,适量,主食材
114,225,两个,主食材
114,226,一个,主食材
114,227,一小把,主食材
114,228,一个,主食材
114,32,少许,主食材
114,229,适量,辅料
115,88,70克,主食材
115,88,400克,辅料
115,5,4克,辅料
115,134,30克,辅料
116,230,适量,主食材
116,231,适量,主食材
116,22,适量,辅料
116,195,适量,辅料
116,232,适量,辅料
117,22,适量,辅料
117,183,适量,辅料
118,88,200克,主食材
118,81,40克,主食材
118,27,4克,主食材
118,5,2克,主食材
118,84,1个,主食材
118,85,110克,主食材
118,65,25克,主食材
118,108,2克,主食材
118,233,30克,辅料
119,234,适量,主食材
119,114,6个,主食材
119,84,2个,主食材
119,67,少许,主食材
119,85,1盒,主食材
119,118,少许,主食材
119,158,少许,辅料
119,135,少许,辅料
120,235,400g,主食材
120,236,100g,辅料
120,131,5颗,辅料
120,5,适量,辅料
120,2,5片,辅料
120,237,1g,辅料
120,238,1片,辅料
120,239,2片,辅料
121,10,2个,主食材
122,49,1个,主食材
122,50,300克,主食材
122,51,400克,主食材
122,52,1500毫升,辅料
122,5,1小勺,辅料
123,53,400g,主食材
123,18,150g,主食材
123,1,一头,辅料
123,6,一勺,辅料
123,22,一勺,辅料
123,54,一勺,辅料
123,5,适量,辅料
123,9,适量,辅料
123,4,适量,辅料
124,26,适量,主食材
124,55,适量,主食材
124,56,适量,主食材
124,34,适量,辅料
124,57,适量,辅料
124,5,适量,辅料
125,58,一把,主食材
125,59,一个,主食材
125,18,半斤,主食材
125,1,少许,辅料
125,60,少许,辅料
125,2,少许,辅料
125,61,适量,辅料
125,5,适量,辅料
125,6,少许,辅料
125,23,少许,辅料
125,62,少许,辅料
126,18,250g,主食材
126,63,300g,主食材
126,13,100g,主食材
126,1,一头,辅料
126,3,适量,辅料
126,64,两勺,辅料
126,22,一勺,辅料
126,6,一勺,辅料
126,54,一勺,辅料
126,5,适量,辅料
126,4,适量,辅料
127,65,20g,辅料
127,66,1匙,辅料
127,5,2-3克,辅料
127,67,1勺,辅料
127,68,2克,辅料
127,7,2勺,辅料
127,21,1勺,辅料
128,69,适量,主食材
128,55,适量,主食材
128,70,适量,辅料
128,22,适量,辅料
128,71,适量,辅料
128,3,适量,辅料
129,11,500克,主食材
129,72,两根,主食材
129,12,80克,主食材
129,1,适量,辅料
129,5,适量,辅料
130,73,适量,主食材
130,6,适量,辅料
131,79,350G,主食材
131,32,适量,主食材
131,131,3颗（切片）,主食材
131,132,130G,主食材
131,52,适量,辅料
131,133,适量,辅料
131,106,一小块,辅料
132,37,60g,主食材
132,84,2个,主食材
132,134,30g,主食材
132,85,200ml,主食材
132,135,8g,主食材
132,65,15g,主食材
132,136,260克,辅料
132,134,20克,辅料
132,137,60克,辅料
132,5,0.5克,辅料
132,135,适量,辅料
134,138,适量,主食材
134,5,适量,辅料
134,1,适量,辅料
134,71,适量,辅料
134,3,适量,辅料
135,139,20g,主食材
135,131,4粒,主食材
135,32,10g,主食材
135,84,2个,主食材
135,133,25g,辅料
135,52,适量,辅料
136,140,适量,主食材
136,113,适量,辅料
137,41,半个,辅料
137,75,一条,辅料
137,2,半块,辅料
137,32,50g,辅料
137,141,3片,辅料
137,5,少许,辅料
138,55,200g,主食材
138,142,60g,主食材
138,4,4g,辅料
138,5,3g,辅料
138,9,1g,辅料
138,22,5g,辅料
139,143,200g,主食材
139,42,10朵,主食材
139,84,两个,主食材
139,144,5g,主食材
139,2,适量,辅料
139,1,适量,辅料
139,5,适量,辅料
139,57,适量,辅料
139,3,适量,辅料
139,6,一勺,辅料
140,145,300g,主食材
140,70,70g,主食材
140,3,4g,辅料
140,2,3g,辅料
140,1,1瓣,辅料
140,4,3g,辅料
140,5,3g,辅料
140,20,1g,辅料
140,22,10g,辅料
141,240,50g,主食材
141,176,150g,主食材
141,4,半匙,辅料
141,161,小许,辅料
141,5,0.5g,辅料
142,184,180g,主食材
142,241,60g,主食材
142,2,小许,辅料
142,161,2匙,辅料
142,162,3颗,辅料
143,26,适量,主食材
143,92,适量,主食材
143,96,适量,主食材
143,3,适量,辅料
143,4,适量,辅料
143,5,适量,辅料
143,62,适量,辅料
143,48,适量,辅料
143,17,适量,辅料
143,7,适量,辅料
143,242,适量,辅料
144,25,1把,主食材
144,1,3瓣,辅料
144,243,1个,辅料
144,161,1把,辅料
144,7,2勺,辅料
144,99,3勺,辅料
144,67,半勺,辅料
144,5,1勺,辅料
144,102,半勺,辅料
145,58,适量,主食材
145,116,适量,辅料
145,207,适量,辅料
145,84,两颗,辅料
145,4,适量,辅料
145,5,适量,辅料
145,22,适量,辅料
145,67,适量,辅料
146,209,适量,主食材
146,244,适量,辅料
146,5,适量,辅料
146,21,适量,辅料
146,22,适量,辅料
147,245,2斤,主食材
147,246,1瓶,辅料
147,247,适量,辅料
147,162,3颗,辅料
147,191,1块,辅料
147,2,1块,辅料
147,1,1头,辅料
147,141,3片,辅料
147,60,2个,辅料
147,5,4克,辅料
147,248,2小勺,辅料
147,7,10克,辅料
148,37,200克,主食材
148,81,10克,主食材
148,100,8克,主食材
148,5,1克,主食材
148,65,110克,主食材
148,84,1个,主食材
148,85,80克,主食材
148,249,60克,辅料
148,26,30克,辅料
149,169,适量,主食材
149,250,适量,主食材
149,196,适量,主食材
149,9,适量,辅料
149,2,适量,辅料
149,3,适量,辅料
149,5,适量,辅料
150,149,适量,主食材
150,22,适量,辅料
150,232,适量,辅料
150,5,适量,辅料
151,212,1根,主食材
151,2,1勺,辅料
151,5,适量,辅料
152,193,适量,辅料
152,251,适量,辅料
152,5,适量,辅料
153,128,45克,主食材
153,252,适量,主食材
153,18,适量,主食材
153,4,少许,辅料
153,22,少许,辅料
154,193,适量（根据家里有几口人定）,主食材
154,3,半根,辅料
154,2,2-3片,辅料
154,162,2-3颗,辅料
154,141,1-2片,辅料
155,253,50g,主食材
155,171,2片,辅料
155,5,半克,辅料
155,71,半克,辅料
155,4,半匙,辅料
155,22,3g,辅料
156,138,1个,主食材
156,200,适量,主食材
156,254,200克,主食材
156,4,2勺,辅料
156,5,半勺,辅料
156,8,1勺,辅料
157,88,350克,主食材
157,75,2根,辅料
157,255,50克,辅料
158,256,1袋,主食材
158,254,1盒,主食材
158,125,半碗,主食材
158,41,半个,辅料
159,26,适量,主食材
159,59,一个,主食材
159,96,一块,主食材
159,19,一把,主食材
159,27,少许,辅料
159,61,适量,辅料
159,5,适量,辅料
159,23,少许,辅料
159,62,少许,辅料
159,71,少许,辅料
160,180,适量,辅料
160,229,适量,辅料
160,257,适量,辅料
161,70,300克,主食材
161,2,1小块,辅料
161,15,1根,辅料
161,258,半个,辅料
162,197,1块,主食材
162,126,1碗,主食材
162,13,半根,辅料
162,171,3瓣,辅料
162,41,1/3个,辅料
162,3,20ml,辅料
162,2,适量,辅料
162,1,适量,辅料
162,259,适量,辅料
162,5,2勺,辅料
162,121,1勺,辅料
163,2,适量,辅料
163,54,适量,辅料
163,4,适量,辅料
163,5,适量,辅料
163,6,适量,辅料
163,22,适量,辅料
164,145,1节,主食材
164,4,2勺,辅料
164,60,1个,辅料
164,161,20粒,辅料
164,5,半勺,辅料
164,22,1勺,辅料
164,195,1勺,辅料
164,21,1勺,辅料
164,259,1勺,辅料
164,66,1勺,辅料
164,52,2勺,辅料
165,260,1条,主食材
165,261,1个,辅料
166,59,一根,主食材
166,262,适量,主食材
166,15,适量,辅料
166,113,适量,辅料
166,5,适量,辅料
166,71,少许,辅料
167,96,适量,主食材
167,168,适量,主食材
167,263,适量,主食材
167,18,适量,主食材
167,47,半个,主食材
167,3,适量,主食材
167,103,8毫升,辅料
167,5,少许,辅料
167,22,2毫升,辅料
167,17,2毫升,辅料
168,26,200克,主食材
168,27,3克,主食材
168,134,25克,主食材
168,101,5克,主食材
168,85,100克,主食材
168,264,1克,主食材
169,265,适量,主食材
169,84,一个,主食材
169,3,适量,辅料
169,7,适量,辅料
169,5,适量,辅料
170,266,一个,主食材
170,219,一个,主食材
170,131,五个,辅料
170,133,一块,辅料
170,2,适量,辅料
170,32,适量,辅料
170,36,适量,辅料
171,132,300克,主食材
171,187,200克,主食材
171,188,5颗,辅料
171,13,一段,辅料
171,189,8只,辅料
171,72,2根,辅料
171,5,1勺,辅料
171,22,1勺,辅料
172,190,1只,主食材
172,2,8片,辅料
172,141,4片,辅料
172,162,2个,辅料
172,161,3克,辅料
172,191,4克,辅料
172,192,1个,辅料
172,60,10个,辅料
172,5,25克,辅料
172,22,3汤匙,辅料
172,7,3汤匙,辅料
173,193,适量,主食材
173,12,适量,主食材
173,79,适量,主食材
173,13,适量,辅料
173,5,适量,辅料
174,267,500克,主食材
174,268,200克,主食材
175,269,400g,主食材
175,2,适量,辅料
175,3,适量,辅料
175,22,适量,辅料
176,43,三勺,主食材
176,12,三勺,主食材
176,84,一个,辅料
176,2,一小块,辅料
176,32,少许,辅料
176,222,适量,辅料
176,5,少许,辅料
176,57,几滴,辅料
177,84,2个,辅料
177,111,1片,辅料
177,229,适量,辅料
178,84,两个,主食材
178,265,一包,主食材
178,95,适量,主食材
178,113,适量,辅料
178,5,适量,辅料
178,71,少许,辅料
179,82,两条,主食材
179,4,1000毫升,辅料
180,270,200g,主食材
180,83,70g,主食材
180,76,一个,辅料
180,4,15毫升,辅料
180,5,6g,辅料
180,7,10毫升,辅料
180,21,10毫升,辅料
181,271,250g,主食材
181,272,50g,主食材
181,3,一根,辅料
181,84,一个,辅料
181,85,100ml,辅料
181,273,一勺～大约20g,辅料
181,5,5g,辅料
181,100,3g,辅料
181,102,2g,辅料
182,274,适量,主食材
182,275,适量,主食材
182,276,适量,主食材
182,184,适量,主食材
182,131,适量,辅料
182,90,适量,辅料
182,277,适量,辅料
182,36,适量,辅料
183,199,适量,主食材
183,3,适量,辅料
183,1,适量,辅料
183,278,适量,辅料
183,5,适量,辅料
183,21,适量,辅料
184,26,400g（3人份）,主食材
184,91,200g,主食材
184,279,适量,辅料
184,230,少许,辅料
184,3,适量,辅料
184,5,适量,辅料
184,20,少许,辅料
184,242,适量,辅料
184,9,少许,辅料
184,22,适量,辅料
184,71,少许,辅料
184,2,适量,辅料
184,1,适量,辅料
185,5,适量,辅料
186,248,1大勺,辅料
186,200,1大勺,辅料
187,26,300g,主食材
187,39,300g,主食材
187,55,100g,辅料
187,209,1个,辅料
187,5,适量,辅料
187,3,少许,辅料
187,1,少许,辅料
187,60,2个,辅料
187,62,少许,辅料
187,22,适量,辅料
187,121,少许,辅料
188,280,10个,主食材
188,10,1个,主食材
188,160,100g,主食材
188,281,1个,主食材
188,1,1瓣,辅料
189,146,适量,主食材
189,131,适量,主食材
189,219,适量,主食材
189,2,适量,辅料
190,84,6个,主食材
190,103,60g,辅料
190,37,95g,辅料
190,134,70g,辅料
190,282,4g,辅料
191,90,15g,主食材
191,79,130g,主食材
191,13,50g,主食材
191,283,50g,主食材
191,277,20g,主食材
191,216,4g,主食材
192,84,2个,主食材
192,284,15克,主食材
192,134,30克,主食材
192,273,20克,主食材
192,52,26.5克,主食材
192,127,12克,主食材
192,20,0.6克,主食材
192,37,40克,主食材
192,282,2克,辅料
193,169,75g,主食材
193,59,150g,辅料
193,3,两根,辅料
193,76,一个,辅料
193,77,20毫升,辅料
193,4,适量,辅料
193,5,少量,辅料
193,7,少量,辅料
193,21,适量,辅料
194,285,200g,主食材
194,4,适量,辅料
194,21,15毫升,辅料
194,5,少量,辅料
195,286,1块,主食材
195,3,1段,辅料
195,287,1袋,辅料
195,6,1勺,辅料
195,7,1勺,辅料
195,9,1勺,辅料
195,288,1大勺,辅料
195,48,1勺,辅料
195,54,半勺,辅料
196,289,1/2,主食材
196,2,15g,辅料
196,3,10g,辅料
196,7,20毫升,辅料
196,21,30毫升,辅料
196,5,10g,辅料
196,36,200毫升,辅料
197,10,适量,主食材
197,18,适量,主食材
197,1,适量,辅料
197,3,适量,辅料
197,290,适量,辅料
197,6,适量,辅料
197,5,适量,辅料
197,22,适量,辅料
197,54,适量,辅料
197,291,适量,辅料
197,21,适量,辅料
198,292,1碗,主食材
198,293,1块,辅料
198,174,1撮,辅料
198,175,适量,辅料
198,220,2块,辅料
199,167,1/2,主食材
199,5,适量,辅料
199,77,适量,辅料
199,7,适量,辅料
199,3,少量,辅料
199,76,洗了,辅料
200,286,适量,主食材
200,294,适量,辅料
201,132,300克,主食材
201,187,200克,主食材
201,188,5颗,辅料
201,13,一段,辅料
201,189,8只,辅料
201,72,2根,辅料
201,5,1勺,辅料
201,22,1勺,辅料
202,190,1只,主食材
202,2,8片,辅料
202,141,4片,辅料
202,162,2个,辅料
202,161,3克,辅料
202,191,4克,辅料
202,192,1个,辅料
202,60,10个,辅料
202,5,25克,辅料
202,22,3汤匙,辅料
202,7,3汤匙,辅料
203,193,适量,主食材
203,12,适量,主食材
203,79,适量,主食材
203,13,适量,辅料
203,5,适量,辅料
204,267,500克,主食材
204,268,200克,主食材
205,269,400g,主食材
205,2,适量,辅料
205,3,适量,辅料
205,22,适量,辅料
206,43,三勺,主食材
206,12,三勺,主食材
206,84,一个,辅料
206,2,一小块,辅料
206,32,少许,辅料
206,222,适量,辅料
206,5,少许,辅料
206,57,几滴,辅料
207,84,2个,辅料
207,111,1片,辅料
207,229,适量,辅料
208,84,两个,主食材
208,265,一包,主食材
208,95,适量,主食材
208,113,适量,辅料
208,5,适量,辅料
208,71,少许,辅料
209,82,两条,主食材
209,4,1000毫升,辅料
210,270,200g,主食材
210,83,70g,主食材
210,76,一个,辅料
210,4,15毫升,辅料
210,5,6g,辅料
210,7,10毫升,辅料
210,21,10毫升,辅料
211,295,适量,主食材
211,36,适量,辅料
212,124,400g,主食材
212,296,100g,辅料
213,91,300g,主食材
213,160,200g,主食材
213,56,1把,主食材
213,1,4瓣,辅料
213,249,2颗,辅料
213,297,2个,辅料
213,5,2g,辅料
213,67,1勺,辅料
213,68,2g,辅料
214,298,400g,主食材
214,26,400g,辅料
214,85,220g,辅料
214,67,10g,辅料
214,27,4g,辅料
215,149,适量,主食材
215,299,适量,辅料
215,113,适量,辅料
215,5,适量,辅料
215,71,少许,辅料
216,300,适量,主食材
216,96,一块,主食材
216,15,适量,辅料
216,113,适量,辅料
216,5,适量,辅料
217,274,适量,主食材
217,36,适量,辅料
218,301,140g,主食材
218,298,125g,主食材
218,85,380ml,主食材
218,67,适量,主食材
219,197,2小片,辅料
219,302,1小棵,辅料
219,189,6只,辅料
219,279,2朵,辅料
219,5,1小勺,辅料
220,70,4斤,主食材
220,4,1000毫升,辅料
221,303,适量,主食材
221,145,适量,主食材
221,304,适量,主食材
221,2,适量,辅料
221,13,适量,辅料
221,5,适量,辅料
222,60,适量,辅料
222,2,适量,辅料
222,1,适量,辅料
222,3,适量,辅料
222,22,适量,辅料
222,195,适量,辅料
222,5,适量,辅料
223,139,适量,主食材
223,84,适量,主食材
223,133,适量,主食材
223,36,适量,辅料
224,267,1000g,主食材
224,1,半头,辅料
224,3,4根,辅料
224,2,4片,辅料
224,102,2g,辅料
224,26,适量,辅料
224,66,适量,辅料
224,84,1个,辅料
224,5,1勺,辅料
224,22,2勺,辅料
224,21,2勺,辅料
224,67,1勺,辅料
224,24,1勺,辅料
224,9,1勺,辅料
224,6,1勺,辅料
224,4,适量,辅料
225,39,400g,主食材
225,26,400g（3人份）,主食材
225,55,适量,辅料
225,5,适量,辅料
225,3,少许,辅料
225,1,少许,辅料
225,60,少许,辅料
225,62,少许,辅料
225,22,适量,辅料
225,121,少许,辅料
225,161,10余粒,辅料
226,43,适量,主食材
226,305,一个,辅料
226,14,一根,辅料
227,39,适量,主食材
227,26,700g,主食材
227,27,7g,主食材
227,306,适量,辅料
228,96,适量,主食材
228,258,适量,主食材
228,47,适量,主食材
228,7,适量,辅料
228,21,适量,辅料
228,2,适量,辅料
228,1,适量,辅料
229,295,适量,主食材
229,36,适量,辅料
230,124,400g,主食材
230,296,100g,辅料
231,307,半个,主食材
231,72,适量,主食材
231,308,1匙,辅料
232,309,适量,主食材
232,265,一包,主食材
232,171,适量,主食材
232,113,适量,辅料
232,5,适量,辅料
232,9,适量,辅料
232,71,少许,辅料
233,310,5斤,主食材
233,13,1个,辅料
233,202,适量,辅料
233,161,适量,辅料
233,67,适量,辅料
233,106,适量,辅料
234,271,250g,主食材
234,272,50g,主食材
234,3,一根,辅料
234,84,一个,辅料
234,85,100ml,辅料
234,273,一勺～大约20g,辅料
234,5,5g,辅料
234,100,3g,辅料
234,102,2g,辅料
235,274,适量,主食材
235,275,适量,主食材
235,276,适量,主食材
235,184,适量,主食材
235,131,适量,辅料
235,90,适量,辅料
235,277,适量,辅料
235,36,适量,辅料
236,199,适量,主食材
236,3,适量,辅料
236,1,适量,辅料
236,278,适量,辅料
236,5,适量,辅料
236,21,适量,辅料
237,26,400g（3人份）,主食材
237,91,200g,主食材
237,279,适量,辅料
237,230,少许,辅料
237,3,适量,辅料
237,5,适量,辅料
237,20,少许,辅料
237,242,适量,辅料
237,9,少许,辅料
237,22,适量,辅料
237,71,少许,辅料
237,2,适量,辅料
237,1,适量,辅料
238,5,适量,辅料
239,248,1大勺,辅料
239,200,1大勺,辅料
240,26,300g,主食材
240,39,300g,主食材
240,55,100g,辅料
240,209,1个,辅料
240,5,适量,辅料
240,3,少许,辅料
240,1,少许,辅料
240,60,2个,辅料
240,62,少许,辅料
240,22,适量,辅料
240,121,少许,辅料
241,88,580g,主食材
241,39,330g（具体看南瓜泥湿度调整）,主食材
241,84,2个,主食材
241,67,50g,主食材
241,101,30g,主食材
241,27,6g,主食材
241,5,4g,主食材
241,65,40g,主食材
241,277,适量,辅料
242,26,适量,主食材
242,55,适量,主食材
242,78,适量,主食材
242,84,适量,主食材
242,153,适量,主食材
242,5,适量,辅料
242,57,适量,辅料
242,61,适量,辅料
242,71,适量,辅料
243,2,少量,辅料
243,77,20毫升,辅料
243,4,15毫升,辅料
243,5,适量,辅料
244,311,两块,主食材
244,171,50g,辅料
244,84,两个,辅料
245,76,200g,主食材
245,18,200g,辅料
245,161,10余粒,辅料
245,23,适量,辅料
245,5,适量,辅料
245,71,少许,辅料
246,302,150g,主食材
246,4,适量,辅料
246,21,适量,辅料
246,5,少量,辅料
247,58,一两,主食材
247,188,一颗,主食材
247,222,适量,辅料
247,5,少许,辅料
247,57,几滴,辅料
248,18,适量,主食材
248,171,适量,主食材
248,9,适量,辅料
248,22,适量,辅料
248,44,适量,辅料
248,4,适量,辅料
248,67,适量,辅料
248,5,适量,辅料
249,289,适量,主食材
249,312,适量,主食材
249,2,适量,辅料
249,22,适量,辅料
249,23,适量,辅料
249,106,适量,辅料
249,3,适量,辅料
249,5,适量,辅料
250,145,适量,主食材
250,2,适量,辅料
250,5,适量,辅料
251,313,200g,主食材
251,13,100g,辅料
251,5,适量,辅料
251,273,2勺,辅料
252,314,500g,主食材
252,315,100g,主食材
252,164,50g,辅料
252,2,50g,辅料
252,3,50g,辅料
252,5,适量,辅料
253,107,2根,主食材
253,44,粉适量,辅料
253,84,一个,辅料
253,316,适量,辅料
253,5,盐适量,辅料
254,317,一只,主食材
254,2,适量,辅料
254,15,适量,辅料
254,5,8g,辅料
254,22,30g,辅料
254,21,15g,辅料
255,96,300克,主食材
255,13,半根,主食材
255,42,2个,主食材
255,14,1根,主食材
255,84,1只,辅料
255,54,适量,辅料
255,318,适量,辅料
255,5,适量,辅料
255,121,适量,辅料
256,45,适量,主食材
256,18,适量,主食材
256,97,适量,辅料
256,3,适量,辅料
256,64,适量,辅料
256,3,适量,辅料
256,71,适量,辅料
257,319,110克,主食材
257,207,170克,主食材
257,5,适量,辅料
257,121,适量,辅料
258,1,2瓣,辅料
258,243,1个,辅料
258,2,1片,辅料
258,3,1段,辅料
259,243,2个,辅料
259,97,6根,辅料
259,1,4瓣,辅料
259,2,2片,辅料
259,320,适量,辅料
259,5,小半勺,辅料
259,22,3勺,辅料
259,321,3勺,辅料
259,21,1勺,辅料
259,98,1勺,辅料
259,322,1勺,辅料
260,145,1小节,主食材
260,11,少许,主食材
260,153,随意,主食材
260,13,1小段,主食材
260,30,3个,主食材
261,229,适量,辅料
261,81,少量,辅料
262,144,少许,辅料
262,3,少许,辅料
262,97,少许,辅料
262,5,适量,辅料
262,262,少许,辅料
262,9,少许,辅料
262,71,少许,辅料
262,57,少许,辅料
263,323,1条,主食材
263,3,适量,辅料
263,2,两片,辅料
263,1,两瓣,辅料
263,60,适量,辅料
263,22,1勺,辅料
263,23,半勺,辅料
263,17,半勺,辅料
263,67,半勺,辅料
263,6,1勺,辅料
263,9,适量,辅料
263,24,适量,辅料
263,162,1颗,辅料
263,161,适量,辅料
263,21,半勺,辅料
263,121,适量,辅料
264,271,270g,主食材
264,324,40g,辅料
264,84,1个,辅料
264,27,4g,辅料
264,67,10g,辅料
264,85,170g,辅料
264,103,20g,辅料
265,325,5g,辅料
265,94,约220ml,辅料
266,326,适量,主食材
266,3,适量,辅料
266,2,适量,辅料
266,1,适量,辅料
266,161,适量,辅料
266,162,适量,辅料
266,191,适量,辅料
266,141,适量,辅料
266,239,适量,辅料
266,192,适量,辅料
266,60,适量,辅料
266,76,适量,辅料
266,5,适量,辅料
266,106,适量,辅料
266,6,适量,辅料
266,22,适量,辅料
266,23,适量,辅料
267,18,100g,主食材
267,327,少许,辅料
267,5,适量,辅料
268,122,八个,主食材
268,10,一个,主食材
268,2,一块,辅料
268,1,一头,辅料
268,162,两个,辅料
268,3,适量,辅料
268,6,一勺,辅料
268,22,两勺,辅料
268,23,一勺,辅料
268,5,适量,辅料
269,128,适量,主食材
269,196,适量,辅料
269,84,一颗,辅料
269,4,适量,辅料
269,5,适量,辅料
269,7,适量,辅料
270,328,适量,主食材
270,329,适量,主食材
270,3,适量,辅料
270,1,适量,辅料
270,60,适量,辅料
270,5,适量,辅料
270,71,适量,辅料
270,24,适量,辅料
270,22,适量,辅料
270,23,适量,辅料
270,6,适量,辅料
271,171,适量,主食材
271,42,少许,主食材
271,84,一个,主食材
271,2,少许,辅料
271,3,少许,辅料
271,4,少许,辅料
271,5,少许,辅料
272,193,适量,主食材
272,2,少许,辅料
272,75,一棵,辅料
272,4,少许,辅料
272,5,少许,辅料
272,7,少许,辅料
272,9,少许,辅料
272,44,少许,辅料
272,26,一勺,辅料
272,67,少许,辅料
273,253,适量,主食材
273,84,1个,主食材
273,170,适量,辅料
274,171,2片,主食材
274,169,80g,主食材
274,18,50g,辅料
274,3,小许,辅料
274,97,小许,辅料
274,5,小许,辅料
274,71,小许,辅料
274,22,3g,辅料
274,321,小许,辅料
274,330,1匙,辅料
274,57,小许,辅料
275,331,适量,主食材
276,59,一个,主食材
276,202,一袋,辅料
276,2,适量,辅料
276,1,适量,辅料
276,332,适量,辅料
276,99,两勺,辅料
276,22,两勺,辅料
276,67,1勺,辅料
277,84,一个,主食材
277,134,50克,主食材
277,85,90克,主食材
277,103,65克,主食材
277,37,140克,主食材
277,135,15克,主食材
277,100,5克,辅料
277,333,适量,辅料
278,164,适量,主食材
278,18,适量,辅料
278,76,适量,辅料
278,54,适量,辅料
278,22,适量,辅料
279,260,适量,主食材
279,22,适量,辅料
279,5,适量,辅料
280,334,适量,主食材
280,222,80g,辅料
280,67,适量,辅料
281,335,适量,主食材
281,2,适量,辅料
281,3,适量,辅料
281,4,适量,辅料
281,5,少量,辅料
281,21,少量,辅料
282,45,2个,主食材
282,70,200克,主食材
282,209,2个,主食材
282,47,2个,主食材
282,4,2勺,辅料
282,5,半勺,辅料
282,22,1勺,辅料
282,21,1勺,辅料
282,3,适量,辅料
282,1,适量,辅料
283,84,2个,主食材
283,273,100毫升,主食材
283,134,70克,主食材
283,26,122克,主食材
283,100,3克,主食材
283,336,适量,辅料
283,337,适量,辅料
284,209,3个,主食材
284,327,2张,主食材
284,1,2瓣,辅料
284,15,1根,辅料
284,21,1勺,辅料
284,7,1勺,辅料
284,338,半勺,辅料
285,298,1个,主食材
285,85,300毫升,主食材
285,339,5颗,辅料
286,340,500g,主食材
286,2,5g,辅料
286,1,3g,辅料
286,60,3g,辅料
287,341,40g,主食材
287,276,30g,主食材
287,218,30g,主食材
287,81,适量,主食材
287,342,适量,主食材
288,10,2个,主食材
288,343,5g,主食材
288,343,适量,辅料
288,17,适量,辅料
288,5,少许,辅料
289,227,1棵,辅料
289,5,小许,辅料
290,344,500g,主食材
290,18,一斤,主食材
290,13,一个,主食材
290,55,250g,辅料
290,21,适量,辅料
290,7,适量,辅料
290,5,适量,辅料
291,107,两条,主食材
291,1,两瓣,辅料
291,243,两个,辅料
291,3,一根,辅料
292,219,几个,主食材
292,282,适量，或者无,辅料
293,90,15g,主食材
293,79,130g,主食材
293,13,50g,主食材
293,283,50g,主食材
293,277,20g,主食材
293,216,4g,主食材
294,84,2个,主食材
294,284,15克,主食材
294,134,30克,主食材
294,273,20克,主食材
294,52,26.5克,主食材
294,127,12克,主食材
294,20,0.6克,主食材
294,37,40克,主食材
294,282,2克,辅料
295,169,75g,主食材
295,59,150g,辅料
295,3,两根,辅料
295,76,一个,辅料
295,77,20毫升,辅料
295,4,适量,辅料
295,5,少量,辅料
295,7,少量,辅料
295,21,适量,辅料
296,285,200g,主食材
296,4,适量,辅料
296,21,15毫升,辅料
296,5,少量,辅料
297,286,1块,主食材
297,3,1段,辅料
297,287,1袋,辅料
297,6,1勺,辅料
297,7,1勺,辅料
297,9,1勺,辅料
297,288,1大勺,辅料
297,48,1勺,辅料
297,54,半勺,辅料
298,289,1/2,主食材
298,2,15g,辅料
298,3,10g,辅料
298,7,20毫升,辅料
298,21,30毫升,辅料
298,5,10g,辅料
298,36,200毫升,辅料
299,10,适量,主食材
299,18,适量,主食材
299,1,适量,辅料
299,3,适量,辅料
299,290,适量,辅料
299,6,适量,辅料
299,5,适量,辅料
299,22,适量,辅料
299,54,适量,辅料
299,291,适量,辅料
299,21,适量,辅料
300,292,1碗,主食材
300,293,1块,辅料
300,174,1撮,辅料
300,175,适量,辅料
300,220,2块,辅料
301,197,1块,主食材
301,126,1碗,主食材
301,13,半根,辅料
301,171,3瓣,辅料
301,41,1/3个,辅料
301,3,20ml,辅料
301,2,适量,辅料
301,1,适量,辅料
301,259,适量,辅料
301,5,2勺,辅料
301,121,1勺,辅料
302,2,适量,辅料
302,54,适量,辅料
302,4,适量,辅料
302,5,适量,辅料
302,6,适量,辅料
302,22,适量,辅料
303,145,1节,主食材
303,4,2勺,辅料
303,60,1个,辅料
303,161,20粒,辅料
303,5,半勺,辅料
303,22,1勺,辅料
303,195,1勺,辅料
303,21,1勺,辅料
303,259,1勺,辅料
303,66,1勺,辅料
303,52,2勺,辅料
304,260,1条,主食材
304,261,1个,辅料
305,59,一根,主食材
305,262,适量,主食材
305,15,适量,辅料
305,113,适量,辅料
305,5,适量,辅料
305,71,少许,辅料
306,96,适量,主食材
306,168,适量,主食材
306,263,适量,主食材
306,18,适量,主食材
306,47,半个,主食材
306,3,适量,主食材
306,103,8毫升,辅料
306,5,少许,辅料
306,22,2毫升,辅料
306,17,2毫升,辅料
307,26,200克,主食材
307,27,3克,主食材
307,134,25克,主食材
307,101,5克,主食材
307,85,100克,主食材
307,264,1克,主食材
308,265,适量,主食材
308,84,一个,主食材
308,3,适量,辅料
308,7,适量,辅料
308,5,适量,辅料
309,266,一个,主食材
309,219,一个,主食材
309,131,五个,辅料
309,133,一块,辅料
309,2,适量,辅料
309,32,适量,辅料
309,36,适量,辅料
310,128,100g,主食材
310,84,2个,辅料
311,179,200g,辅料
311,345,400g,辅料
311,172,少许,辅料
311,5,少许,辅料
311,65,30g,辅料
311,273,少许,辅料
312,145,225克,主食材
312,263,120克,主食材
312,119,2根,主食材
312,22,适量,辅料
312,67,适量,辅料
313,197,适量,主食材
313,59,适量,主食材
313,2,适量,辅料
313,6,适量,辅料
313,22,适量,辅料
314,58,一两,主食材
314,97,两根,主食材
314,262,少许,主食材
314,222,适量,辅料
314,5,少许,辅料
314,57,几滴,辅料
315,346,适量,主食材
315,70,适量,主食材
315,1,3-5瓣,主食材
315,6,适量,辅料
315,21,适量,辅料
315,22,适量,辅料
315,67,适量,辅料
315,5,适量,辅料
316,26,小许,辅料
316,54,小许,辅料
316,52,150g,辅料
316,4,小许,辅料
317,188,适量,辅料
317,3,适量,辅料
317,150,适量,辅料
317,17,适量,辅料
317,5,适量,辅料
317,7,适量,辅料
318,177,1片,主食材
318,84,1个,主食材
318,179,适量,主食材
318,172,少量,辅料
319,112,300g,主食材
319,47,1个,辅料
319,75,少许,辅料
319,5,少许,辅料
319,4,适量,辅料
319,87,适量,辅料
320,166,750g,主食材
320,4,适量,辅料
320,5,适量,辅料
320,246,500ml,辅料
320,7,适量,辅料
320,9,1匙,辅料
320,106,2块,辅料
320,71,少许,辅料
320,36,适量,辅料
321,58,四两,主食材
321,39,一块,主食材
321,1,少许,辅料
321,222,适量,辅料
321,61,适量,辅料
321,5,适量,辅料
321,22,少许,辅料
322,289,半只,主食材
322,145,一节,主食材
322,347,80g,主食材
322,2,一块,辅料
322,131,八颗,辅料
322,6,适量,辅料
322,5,适量,辅料
323,258,1个,主食材
323,84,2个,辅料
323,5,适量,辅料
323,61,适量,辅料
323,71,适量,辅料
324,319,适量,主食材
324,348,适量,主食材
324,5,适量,辅料
324,22,适量,辅料
324,209,适量,辅料
324,71,适量,辅料
324,1,适量,辅料
324,47,适量,辅料
325,349,2个,主食材
325,253,60g,主食材
325,5,小许,辅料
325,71,小许,辅料
325,4,半匙,辅料
325,22,3g,辅料
326,18,适量,主食材
326,154,一个,主食材
327,199,半根,主食材
327,41,半个,主食材
327,5,少许,辅料
327,71,一点,辅料
328,75,适量,辅料
328,5,适量,辅料
328,6,适量,辅料
328,350,数滴,辅料
328,26,少许,辅料
328,2,适量,辅料
329,78,适量,主食材
329,63,适量,主食材
329,1,适量,辅料
329,5,适量,辅料
329,103,适量,辅料
329,6,适量,辅料
329,67,适量,辅料
329,22,适量,辅料
330,351,1000G,主食材
330,128,500g,主食材
330,207,适量,辅料
330,352,1份,辅料
330,5,8g,辅料
330,106,15g,辅料
331,77,200g,主食材
331,353,100g,主食材
331,32,适量,辅料
331,133,两块,辅料
332,160,1把,主食材
332,327,2大张,主食材
332,308,3勺,辅料
332,87,20克,辅料
333,96,适量,主食材
333,207,适量,主食材
333,42,适量,主食材
333,13,适量,主食材
333,26,适量,主食材
333,4,适量,辅料
333,5,适量,辅料
333,21,适量,辅料
334,59,250g,主食材
334,84,2个,主食材
334,94,适量,辅料
334,4,1匙,辅料
334,5,1.5g,辅料
334,71,1g,辅料
335,328,100克,主食材
335,143,150克,主食材
335,84,3枚,主食材
335,4,4勺,辅料
335,22,2勺,辅料
335,21,1勺,辅料
336,198,适量,主食材
336,91,适量,主食材
336,59,适量,主食材
336,154,适量,主食材
336,32,适量,主食材
336,9,适量,辅料
336,3,适量,辅料
336,2,适量,辅料
336,1,适量,辅料
336,4,适量,辅料
336,5,适量,辅料
336,354,适量,辅料
336,17,适量,辅料
336,6,适量,辅料
337,124,155克,主食材
337,138,180克,主食材
337,128,200克,主食材
337,5,适量,辅料
337,121,适量,辅料
338,218,30g,主食材
338,301,一个,主食材
338,222,800ml,辅料
338,59,两片,辅料
339,26,适量,主食材
339,355,一颗,主食材
339,84,两个,主食材
339,4,适量,辅料
339,5,适量,辅料
339,3,一颗,辅料
339,22,适量,辅料
339,320,适量,辅料
339,195,适量,辅料
340,177,2片,主食材
340,84,2个,主食材
340,81,适量,辅料
340,356,适量,辅料
341,357,适量,主食材
341,5,适量,辅料
341,161,适量,辅料
341,7,适量,辅料
341,71,适量,辅料
342,358,适量,主食材
342,45,适量,主食材
342,11,适量,主食材
342,13,适量,主食材
342,297,适量,主食材
342,3,适量,辅料
342,5,适量,辅料
342,67,适量,辅料
342,22,适量,辅料
342,54,适量,辅料
342,6,适量,辅料
343,347,少许,辅料
343,52,适量,辅料
344,359,一条,主食材
345,2,适量,辅料
345,54,适量,辅料
345,4,适量,辅料
345,5,适量,辅料
345,6,适量,辅料
345,22,适量,辅料
346,26,500克,主食材
346,27,10克,主食材
346,28,（调酵母水用）40克,主食材
346,133,150克,主食材
346,360,（调红糖水用）160克,主食材
346,131,（去核）65克,主食材
346,102,3克,辅料
346,100,6克,辅料
347,84,4个,主食材
347,22,少许,辅料
348,26,适量,主食材
348,188,适量,主食材
348,131,适量,主食材
349,120,2根,主食材
349,204,1勺,辅料
349,22,1勺,辅料
349,98,1勺,辅料
350,315,50g,主食材
350,169,5片,辅料
350,309,5个,辅料
350,361,10块,辅料
350,5,适量,辅料
351,84,2个,主食材
351,357,200g,主食材
351,3,1勺,辅料
351,34,2勺,辅料
352,169,200g,主食材
352,203,100g,辅料
352,13,100g,辅料
352,3,1勺,辅料
352,5,适量,辅料
352,361,2勺,辅料
353,43,150克,主食材
353,286,100克,主食材
353,362,80克,主食材
353,13,40克,主食材
353,164,40克,主食材
353,2,一块,辅料
353,22,一勺,辅料
353,4,适量,辅料
353,54,适量,辅料
353,5,适量,辅料
354,298,一个,主食材
354,148,半朵,主食材
354,32,10g,辅料
354,51,一块,辅料
355,124,230克,主食材
355,138,225克,主食材
355,84,2只,主食材
355,200,适量,辅料
355,5,适量,辅料
355,67,适量,辅料
356,133,5勺,辅料
356,36,1片,辅料
357,169,适量,主食材
357,196,适量,主食材
357,128,适量,主食材
357,9,适量,辅料
357,3,适量,辅料
357,22,适量,辅料
358,72,100克,主食材
358,115,230克,主食材
358,22,适量,辅料
358,5,适量,辅料
358,121,适量,辅料
359,52,适量,辅料
359,5,1g,辅料
360,298,110g,主食材
360,218,40g,主食材
360,342,适量,主食材
360,67,适量,主食材
361,55,1小把,主食材
361,42,4朵,主食材
361,363,200g,主食材
361,344,适量,辅料
361,7,1勺,辅料
361,21,1勺,辅料
361,5,适量,辅料
361,24,适量,辅料
361,4,稍多,辅料
362,171,适量,主食材
362,364,适量,主食材
362,1,适量,辅料
362,60,2个,辅料
362,64,1勺,辅料
362,22,1勺,辅料
362,23,1勺,辅料
362,36,适量,辅料
363,18,200g,主食材
363,145,一节,辅料
363,76,一个,辅料
363,5,10 g,辅料
363,21,15毫升,辅料
364,197,适量,主食材
364,92,适量,主食材
364,2,适量,辅料
364,1,适量,辅料
364,5,适量,辅料
364,22,适量,辅料
365,69,适量,主食材
365,365,适量,辅料
365,5,适量,辅料
365,24,适量,辅料
366,366,适量,主食材
366,26,适量,主食材
366,230,半个,主食材
366,3,一颗,辅料
366,2,一块,辅料
366,5,适量,辅料
366,24,适量,辅料
366,195,适量,辅料
367,219,适量,主食材
367,12,适量,主食材
367,36,适量,辅料
368,245,750克,主食材
368,3,一颗,辅料
368,2,5片,辅料
368,1,5瓣,辅料
368,161,适量,辅料
368,64,50克,辅料
369,78,适量,主食材
369,84,三个,主食材
369,13,半根,主食材
369,15,适量,辅料
369,113,适量,辅料
369,5,适量,辅料
369,9,适量,辅料
369,6,适量,辅料
370,349,70g,主食材
370,4,半匙,辅料
371,80,8个,主食材
371,328,130克,主食材
371,367,1株,主食材
371,6,适量,辅料
371,5,适量,辅料
371,22,适量,辅料
371,21,适量,辅料
372,271,50g,主食材
372,26,100g,主食材
372,27,2g,主食材
372,36,85g,主食材
372,4,适量,辅料
373,193,适量,主食材
373,154,适量,主食材
373,3,适量,辅料
373,2,适量,辅料
373,161,适量,辅料
373,97,适量,辅料
373,5,适量,辅料
373,6,适量,辅料
373,36,适量,辅料
374,181,适量,主食材
374,4,适量,辅料
374,5,适量,辅料
374,62,适量,辅料
374,67,适量,辅料
375,265,适量,主食材
375,84,一个,主食材
375,3,适量,辅料
375,123,适量,辅料
375,34,适量,辅料
375,5,适量,辅料
375,17,适量,辅料
375,7,适量,辅料
375,21,适量,辅料
376,357,50g,辅料
376,3,1勺,辅料
376,361,3勺,辅料
376,5,适量,辅料
376,7,2勺,辅料
377,84,2个,主食材
377,357,200g,主食材
377,3,1勺,辅料
377,34,2勺,辅料
378,169,200g,主食材
378,203,100g,辅料
378,13,100g,辅料
378,3,1勺,辅料
378,5,适量,辅料
378,361,2勺,辅料
379,43,150克,主食材
379,286,100克,主食材
379,362,80克,主食材
379,13,40克,主食材
379,164,40克,主食材
379,2,一块,辅料
379,22,一勺,辅料
379,4,适量,辅料
379,54,适量,辅料
379,5,适量,辅料
380,298,一个,主食材
380,148,半朵,主食材
380,32,10g,辅料
380,51,一块,辅料
381,260,适量,主食材
381,22,适量,辅料
381,5,适量,辅料
382,334,适量,主食材
382,222,80g,辅料
382,67,适量,辅料
383,131,适量,主食材
383,32,适量,主食材
383,133,适量,辅料
383,52,适量,辅料
384,88,300克,主食材
384,81,40克,主食材
384,5,3克,主食材
384,27,5克,主食材
384,85,200克,主食材
384,65,30克,主食材
384,135,10克,辅料
385,2,适量,辅料
385,113,少许,辅料
385,5,适量,辅料
386,270,100g,主食材
386,368,300g,辅料
386,22,两勺,辅料
386,6,两勺,辅料
386,54,适量,辅料
387,18,150克,主食材
387,39,1块,主食材
387,26,800克,主食材
387,4,20克,辅料
387,5,1克,辅料
387,7,30克,辅料
388,369,60g,主食材
388,5,1g,辅料
388,97,小许,辅料
388,71,1g,辅料
389,70,1斤,主食材
389,84,4个,辅料
389,12,1个,辅料
389,162,2颗,辅料
389,60,4只,辅料
389,141,2片,辅料
389,1,4颗,辅料
389,3,1颗,辅料
389,2,5片,辅料
390,370,一人份,主食材
390,3,适量,主食材
390,84,一个,辅料
390,34,适量,辅料
390,7,适量,辅料
390,5,适量…,辅料
390,71,适量,辅料
391,55,1小把,主食材
391,42,4朵,主食材
391,363,200g,主食材
391,344,适量,辅料
391,7,1勺,辅料
391,21,1勺,辅料
391,5,适量,辅料
391,24,适量,辅料
391,4,稍多,辅料
392,171,适量,主食材
392,364,适量,主食材
392,1,适量,辅料
392,60,2个,辅料
392,64,1勺,辅料
392,22,1勺,辅料
392,23,1勺,辅料
392,36,适量,辅料
393,18,200g,主食材
393,145,一节,辅料
393,76,一个,辅料
393,5,10 g,辅料
393,21,15毫升,辅料
394,197,适量,主食材
394,92,适量,主食材
394,2,适量,辅料
394,1,适量,辅料
394,5,适量,辅料
394,22,适量,辅料
395,69,适量,主食材
395,365,适量,辅料
395,5,适量,辅料
395,24,适量,辅料
396,366,适量,主食材
396,26,适量,主食材
396,230,半个,主食材
396,3,一颗,辅料
396,2,一块,辅料
396,5,适量,辅料
396,24,适量,辅料
396,195,适量,辅料
397,219,适量,主食材
397,12,适量,主食材
397,36,适量,辅料
398,245,750克,主食材
398,3,一颗,辅料
398,2,5片,辅料
398,1,5瓣,辅料
398,161,适量,辅料
398,64,50克,辅料
399,78,适量,主食材
399,84,三个,主食材
399,13,半根,主食材
399,15,适量,辅料
399,113,适量,辅料
399,5,适量,辅料
399,9,适量,辅料
399,6,适量,辅料
400,349,70g,主食材
400,4,半匙,辅料
401,84,4个,主食材
401,103,50克,主食材
401,85,50克,主食材
401,136,适量,主食材
401,67,30克,主食材
401,17,几滴,辅料
402,371,1只,主食材
402,267,1条,主食材
402,83,1副,主食材
402,372,7只,主食材
402,249,1把,辅料
402,2,1块,辅料
402,60,3个,辅料
402,105,1份,辅料
402,247,适量,辅料
402,248,1大勺,辅料
402,51,20克,辅料
402,5,6克,辅料
402,7,40克,辅料
402,23,10克,辅料
403,41,1个,主食材
403,22,10ml,辅料
403,67,5g,辅料
404,83,1000g,主食材
404,209,200g,主食材
404,2,2勺,辅料
404,1,2勺,辅料
404,5,适量,辅料
404,6,2勺,辅料
404,4,5勺,辅料
405,10,1个,主食材
405,76,2个,辅料
405,5,适量,辅料
405,4,3个,辅料
406,313,200g,主食材
406,13,100g,辅料
406,5,适量,辅料
406,273,2勺,辅料
407,314,500g,主食材
407,315,100g,主食材
407,164,50g,辅料
407,2,50g,辅料
407,3,50g,辅料
407,5,适量,辅料
408,107,2根,主食材
408,44,粉适量,辅料
408,84,一个,辅料
408,316,适量,辅料
408,5,盐适量,辅料
409,317,一只,主食材
409,2,适量,辅料
409,15,适量,辅料
409,5,8g,辅料
409,22,30g,辅料
409,21,15g,辅料
410,96,300克,主食材
410,13,半根,主食材
410,42,2个,主食材
410,14,1根,主食材
410,84,1只,辅料
410,54,适量,辅料
410,318,适量,辅料
410,5,适量,辅料
410,121,适量,辅料
411,120,2根,主食材
411,204,1勺,辅料
411,22,1勺,辅料
411,98,1勺,辅料
412,315,50g,主食材
412,169,5片,辅料
412,309,5个,辅料
412,361,10块,辅料
412,5,适量,辅料
413,212,1根,主食材
413,2,1勺,辅料
413,5,适量,辅料
414,193,适量,辅料
414,251,适量,辅料
414,5,适量,辅料
415,128,45克,主食材
415,252,适量,主食材
415,18,适量,主食材
415,4,少许,辅料
415,22,少许,辅料
416,193,适量（根据家里有几口人定）,主食材
416,3,半根,辅料
416,2,2-3片,辅料
416,162,2-3颗,辅料
416,141,1-2片,辅料
417,253,50g,主食材
417,171,2片,辅料
417,5,半克,辅料
417,71,半克,辅料
417,4,半匙,辅料
417,22,3g,辅料
418,138,1个,主食材
418,200,适量,主食材
418,254,200克,主食材
418,4,2勺,辅料
418,5,半勺,辅料
418,8,1勺,辅料
419,88,350克,主食材
419,75,2根,辅料
419,255,50克,辅料
420,256,1袋,主食材
420,254,1盒,主食材
420,125,半碗,主食材
420,41,半个,辅料
421,2,适量,辅料
421,54,适量,辅料
421,4,适量,辅料
421,5,适量,辅料
421,6,适量,辅料
421,22,适量,辅料
422,145,1节,主食材
422,4,2勺,辅料
422,60,1个,辅料
422,161,20粒,辅料
422,5,半勺,辅料
422,22,1勺,辅料
422,195,1勺,辅料
422,21,1勺,辅料
422,259,1勺,辅料
422,66,1勺,辅料
422,52,2勺,辅料
423,260,1条,主食材
423,261,1个,辅料
424,59,一根,主食材
424,262,适量,主食材
424,15,适量,辅料
424,113,适量,辅料
424,5,适量,辅料
424,71,少许,辅料
425,96,适量,主食材
425,168,适量,主食材
425,263,适量,主食材
425,18,适量,主食材
425,47,半个,主食材
425,3,适量,主食材
425,103,8毫升,辅料
425,5,少许,辅料
425,22,2毫升,辅料
425,17,2毫升,辅料
426,26,200克,主食材
426,27,3克,主食材
426,134,25克,主食材
426,101,5克,主食材
426,85,100克,主食材
426,264,1克,主食材
427,265,适量,主食材
427,84,一个,主食材
427,3,适量,辅料
427,7,适量,辅料
427,5,适量,辅料
428,266,一个,主食材
428,219,一个,主食材
428,131,五个,辅料
428,133,一块,辅料
428,2,适量,辅料
428,32,适量,辅料
428,36,适量,辅料
429,128,100g,主食材
429,84,2个,辅料
430,14,1根,主食材
430,328,5条,主食材
430,221,1小个,主食材
430,5,少许,辅料
431,4,半匙,辅料
431,26,小许,辅料
431,5,适量,辅料
432,124,适量,主食材
432,84,适量,主食材
432,58,适量,主食材
432,7,适量,辅料
432,21,适量,辅料
432,34,适量,辅料
433,373,2两,主食材
433,10,1斤,主食材
433,261,适量,主食材
433,2,（也可以放葱）适量,辅料
433,21,适量,辅料
433,23,少许,辅料
433,4,适量,辅料
433,5,少许,辅料
434,374,适量,主食材
434,59,适量,辅料
434,3,适量,辅料
434,2,适量,辅料
434,161,适量,辅料
434,293,适量,辅料
434,5,适量,辅料
434,6,适量,辅料
434,97,适量,辅料
434,9,少许,辅料
434,375,适量,辅料
434,17,适量,辅料
434,32,适量,辅料
435,128,200克,主食材
436,341,80g,主食材
436,347,50g,主食材
436,131,八颗,主食材
436,67,适量,辅料
437,194,适量,主食材
437,1,适量,辅料
437,4,适量,辅料
437,5,适量,辅料
437,21,适量,辅料
438,18,200g,主食材
438,10,一个,主食材
438,1,3瓣,辅料
438,376,50克,辅料
438,3,适量,辅料
438,6,一勺,辅料
438,22,一勺,辅料
438,54,适量,辅料
438,4,适量,辅料
438,5,适量,辅料
439,84,适量,主食材
439,5,适量,辅料
440,112,400克,主食材
440,13,1根,主食材
440,377,300克,主食材
440,378,1个,主食材
440,228,0.5个,主食材
440,379,10个,主食材
440,337,10个,主食材
440,178,1根,主食材
440,219,1个,主食材
440,35,少许,辅料
440,127,4粒,辅料
441,298,两个,主食材
441,301,两个,主食材
442,84,5枚,主食材
442,75,1颗,主食材
442,4,4勺,辅料
442,248,3勺,辅料
442,21,1勺,辅料
442,54,1勺,辅料
442,52,半碗,辅料
443,88,500g,主食材
443,65,140g,主食材
443,380,270g,主食材
443,85,30g,辅料
443,27,6g,辅料
443,67,40g,辅料
443,5,10g,辅料
443,381,少量,辅料
444,285,适量,主食材
444,197,适量,主食材
444,1,适量,辅料
444,2,适量,辅料
444,243,2个,辅料
444,6,适量,辅料
444,5,少许,辅料
445,298,两个,主食材
445,12,半根,主食材
445,106,适量,主食材
445,52,适量,辅料
446,382,适量,主食材
446,52,60g,辅料
446,67,100g,辅料
447,4,适量,辅料
447,21,少量,辅料
447,5,适量,辅料
448,171,250g,主食材
448,4,适量,辅料
448,5,适量,辅料
448,21,适量,辅料
449,18,750g,主食材
449,5,少量,辅料
449,7,适量,辅料
449,21,少量,辅料
450,144,适量,主食材
450,74,50g,辅料
450,84,一个,辅料
450,3,适量,辅料
450,4,适量,辅料
450,5,适量,辅料
451,169,75g,主食材
451,59,150g,辅料
451,3,两根,辅料
451,76,一个,辅料
451,77,20毫升,辅料
451,4,适量,辅料
451,5,少量,辅料
451,7,少量,辅料
451,21,适量,辅料
452,285,200g,主食材
452,4,适量,辅料
452,21,15毫升,辅料
452,5,少量,辅料
453,286,1块,主食材
453,3,1段,辅料
453,287,1袋,辅料
453,6,1勺,辅料
453,7,1勺,辅料
453,9,1勺,辅料
453,288,1大勺,辅料
453,48,1勺,辅料
453,54,半勺,辅料
454,289,1/2,主食材
454,2,15g,辅料
454,3,10g,辅料
454,7,20毫升,辅料
454,21,30毫升,辅料
454,5,10g,辅料
454,36,200毫升,辅料
455,10,适量,主食材
455,18,适量,主食材
455,1,适量,辅料
455,3,适量,辅料
455,290,适量,辅料
455,6,适量,辅料
455,5,适量,辅料
455,22,适量,辅料
455,54,适量,辅料
455,291,适量,辅料
455,21,适量,辅料
456,292,1碗,主食材
456,293,1块,辅料
456,174,1撮,辅料
456,175,适量,辅料
456,220,2块,辅料
457,167,1/2,主食材
457,5,适量,辅料
457,77,适量,辅料
457,7,适量,辅料
457,3,少量,辅料
457,76,洗了,辅料
458,286,适量,主食材
458,294,适量,辅料
459,383,适量,主食材
459,384,适量,主食材
459,106,几块,主食材
459,52,适量,辅料
460,385,360克,主食材
460,7,适量,辅料
460,21,适量,辅料
460,5,适量,辅料
460,67,适量,辅料
461,167,1/2,主食材
461,5,适量,辅料
461,77,适量,辅料
461,7,适量,辅料
461,3,少量,辅料
461,76,洗了,辅料
462,286,适量,主食材
462,294,适量,辅料
463,383,适量,主食材
463,384,适量,主食材
463,106,几块,主食材
463,52,适量,辅料
464,385,360克,主食材
464,7,适量,辅料
464,21,适量,辅料
464,5,适量,辅料
464,67,适量,辅料
465,386,一只,主食材
465,43,150g,主食材
465,2,适量,辅料
465,3,少量,辅料
465,4,适量,辅料
465,77,适量,辅料
465,5,适量,辅料
465,21,适量,辅料
466,84,四个,主食材
466,75,少量,辅料
466,4,适量,辅料
466,5,少量,辅料
466,21,适量,辅料
467,387,500克,主食材
467,388,1大勺,主食材
467,22,2大勺,主食材
467,195,3大勺,主食材
467,81,4大勺,主食材
467,360,适量,辅料
468,128,30g,主食材
468,3,少量,辅料
468,34,少量,辅料
468,5,少量,辅料
468,21,少量,辅料
468,71,少量,辅料
468,7,少量,辅料
469,96,适量,主食材
469,42,适量,辅料
469,13,适量,辅料
469,1,适量,辅料
469,4,适量,辅料
469,5,适量,辅料
469,7,适量,辅料
470,37,100g,主食材
470,67,30g,辅料
470,389,50g,辅料
470,390,16g,辅料
470,257,少许,辅料
470,100,1g,辅料
471,84,5枚,主食材
471,75,1颗,主食材
471,4,4勺,辅料
471,248,3勺,辅料
471,21,1勺,辅料
471,54,1勺,辅料
471,52,半碗,辅料
472,88,500g,主食材
472,65,140g,主食材
472,380,270g,主食材
472,85,30g,辅料
472,27,6g,辅料
472,67,40g,辅料
472,5,10g,辅料
472,381,少量,辅料
473,285,适量,主食材
473,197,适量,主食材
473,1,适量,辅料
473,2,适量,辅料
473,243,2个,辅料
473,6,适量,辅料
473,5,少许,辅料
474,298,两个,主食材
474,12,半根,主食材
474,106,适量,主食材
474,52,适量,辅料
475,382,适量,主食材
475,52,60g,辅料
475,67,100g,辅料
476,4,适量,辅料
476,21,少量,辅料
476,5,适量,辅料
477,171,250g,主食材
477,4,适量,辅料
477,5,适量,辅料
477,21,适量,辅料
478,18,750g,主食材
478,5,少量,辅料
478,7,适量,辅料
478,21,少量,辅料
479,144,适量,主食材
479,74,50g,辅料
479,84,一个,辅料
479,3,适量,辅料
479,4,适量,辅料
479,5,适量,辅料
480,39,适量,主食材
480,26,适量,主食材
480,391,适量,主食材
480,27,少许,辅料
481,392,250g,主食材
481,44,2勺,辅料
481,84,1个,辅料
481,5,少量,辅料
481,2,2片,辅料
481,3,1根,辅料
481,320,适量,辅料
482,85,适量,主食材
482,84,适量,辅料
482,67,适量,辅料
482,114,适量,辅料
483,298,一个,主食材
483,393,适量,主食材
483,90,适量,主食材
483,106,几块,辅料
483,52,适量,辅料
484,394,1把,主食材
484,119,1根,主食材
484,84,1个,主食材
484,207,1颗,主食材
484,268,2块,主食材
484,42,2个,主食材
484,3,1根,辅料
484,5,1勺2次加,辅料
484,21,适量,辅料
484,7,适量,辅料
485,4,50ml,辅料
485,22,2勺,辅料
485,21,1勺,辅料
485,6,2勺,辅料
485,67,3g,辅料
485,23,1勺,辅料
485,172,1小勺,辅料
486,184,适量,主食材
486,218,适量,主食材
486,106,适量,主食材
486,222,适量,辅料
487,36,适量,辅料
488,41,半个,辅料
488,3,几根,辅料
488,4,较多,辅料
488,5,适量,辅料
489,395,适量,主食材
489,59,半个,主食材
489,4,半匙,辅料
489,222,若干,辅料
489,3,适量,辅料
490,119,适量,主食材
490,126,一碗,主食材
490,47,半个,主食材
490,3,适量,主食材
490,103,8毫升,辅料
490,5,2克,辅料
490,23,1毫升,辅料
491,83,200g,主食材
491,47,50g,主食材
491,209,50g,主食材
491,290,50g,主食材
491,3,5g,主食材
491,2,5g,主食材
491,161,3g,辅料
491,162,3g,辅料
491,4,0.5勺,辅料
491,6,1勺,辅料
491,67,1勺,辅料
491,5,适量,辅料
491,121,0.2匙,辅料
492,70,500g,主食材
492,97,50g,主食材
492,3,10g,辅料
492,2,10g,辅料
492,4,1勺,辅料
493,396,500g,主食材
493,397,1个,辅料
493,5,1匙,辅料
493,54,2勺,辅料
493,4,适量,辅料
494,398,500g,主食材
494,1,20g,辅料
495,91,500g,主食材
495,84,1个,辅料
495,3,10g,辅料
495,2,10g,辅料
495,4,适量,辅料
495,67,1勺,辅料
496,126,1碗,主食材
496,41,30g,辅料
496,120,30g,辅料
496,153,30g,辅料
496,97,10g,辅料
496,4,1勺,辅料
496,5,2匙,辅料
496,121,1匙,辅料
496,8,适量,辅料
497,260,1条,主食材
497,138,4个,主食材
497,3,5g,辅料
497,2,5g,辅料
497,1,5g,辅料
497,243,10g,辅料
497,257,适量,辅料
497,4,适量,辅料
497,397,1个,辅料
497,172,2匙,辅料
497,5,2匙,辅料
497,67,0.5勺,辅料
497,121,0.2匙,辅料
497,6,1勺,辅料
497,54,适量,辅料
498,399,500g,主食材
498,120,2根,主食材
498,1,10g,辅料
498,97,10g,辅料
498,5,2匙,辅料
498,67,1匙,辅料
498,17,1勺,辅料
498,121,0.2匙,辅料
499,117,500g,主食材
499,84,1个,辅料
499,316,适量,辅料
499,26,适量,辅料
499,5,2匙,辅料
499,4,适量,辅料
499,6,0.5勺,辅料
500,400,1根,主食材
500,401,100g,主食材
500,13,50g,辅料
500,3,30g,辅料
500,4,1勺,辅料
500,242,1勺,辅料
500,67,1勺,辅料
500,17,1勺,辅料
500,5,1匙,辅料
500,121,0.2匙,辅料
501,88,300克,主食材
501,81,40克,主食材
501,5,3克,主食材
501,27,5克,主食材
501,85,200克,主食材
501,65,30克,主食材
501,135,10克,辅料
502,2,适量,辅料
502,113,少许,辅料
502,5,适量,辅料
503,270,100g,主食材
503,368,300g,辅料
503,22,两勺,辅料
503,6,两勺,辅料
503,54,适量,辅料
504,18,150克,主食材
504,39,1块,主食材
504,26,800克,主食材
504,4,20克,辅料
504,5,1克,辅料
504,7,30克,辅料
505,369,60g,主食材
505,5,1g,辅料
505,97,小许,辅料
505,71,1g,辅料
506,70,1斤,主食材
506,84,4个,辅料
506,12,1个,辅料
506,162,2颗,辅料
506,60,4只,辅料
506,141,2片,辅料
506,1,4颗,辅料
506,3,1颗,辅料
506,2,5片,辅料
507,370,一人份,主食材
507,3,适量,主食材
507,84,一个,辅料
507,34,适量,辅料
507,7,适量,辅料
507,5,适量…,辅料
507,71,适量,辅料
508,402,100g,主食材
508,403,20g,辅料
508,5,适量,辅料
508,4,3勺,辅料
509,260,500g,主食材
509,270,200g,主食材
509,75,50g,辅料
509,361,5勺,辅料
509,205,6勺,辅料
510,382,适量,主食材
511,160,200克,主食材
511,153,适量,主食材
511,13,半根,主食材
511,1,2瓣,辅料
511,249,适量,辅料
511,54,1大勺,辅料
511,81,1大勺,辅料
512,171,5片,主食材
512,404,适量,主食材
512,249,2颗,辅料
512,1,4粒,辅料
512,60,适量,辅料
512,161,少许,辅料
512,5,少许,辅料
512,22,1勺,辅料
512,17,半勺,辅料
512,67,少许,辅料
512,71,适量,辅料
512,61,适量,辅料
513,147,适量,主食材
513,85,适量,辅料
513,106,适量,辅料
514,148,3朵,主食材
514,173,半个,主食材
514,131,5颗,辅料
514,51,适量,辅料
514,222,适量,辅料
515,3,适量,辅料
515,2,3片,辅料
515,1,2瓣,辅料
516,147,适量,主食材
516,85,适量,主食材
516,405,适量,辅料
516,106,适量,辅料
517,406,适量,主食材
517,146,适量,主食材
517,382,适量,主食材
517,36,适量,辅料
518,357,适量,主食材
518,56,一小把,主食材
518,1,适量,辅料
518,5,适量,辅料
518,22,适量,辅料
518,4,适量,辅料
519,344,几个,主食材
519,52,适量,辅料
519,4,小许,辅料
520,52,300g,辅料
520,5,1g,辅料
520,71,1g,辅料
521,227,1棵,辅料
521,5,小许,辅料
522,344,500g,主食材
522,18,一斤,主食材
522,13,一个,主食材
522,55,250g,辅料
522,21,适量,辅料
522,7,适量,辅料
522,5,适量,辅料
523,128,100g,主食材
523,83,50g,主食材
523,171,50g,辅料
523,209,20g,辅料
523,205,3勺,辅料
523,5,适量,辅料
525,131,适量,主食材
525,147,适量,主食材
525,90,适量,主食材
525,43,适量,辅料
525,274,适量,辅料
525,36,适量,辅料
526,26,200g,主食材
526,407,50g,主食材
526,29,适量,辅料
527,408,10斤,主食材
527,51,250克到300克,辅料
527,2,两小块,辅料
528,409,8g,主食材
528,85,150ml,主食材
528,410,适量,辅料
529,95,适量,主食材
529,154,适量,主食材
529,39,适量,辅料
529,41,适量,辅料
529,5,适量,辅料
529,36,适量,辅料
529,9,适量,辅料
530,193,700g,主食材
530,10,300g,辅料
530,106,适量,辅料
530,7,适量,辅料
530,162,适量,辅料
530,76,适量,辅料
531,238,5克,主食材
531,411,5克,主食材
531,412,5克,主食材
531,413,5克,主食材
531,84,两个,辅料
531,222,两碗,辅料
532,414,半条,主食材
532,415,少许,辅料
532,120,1根,辅料
532,416,半斤,辅料
532,64,2勺,辅料
532,22,10ml,辅料
532,6,50ml,辅料
532,67,5g,辅料
533,171,适量,主食材
533,42,少许,主食材
533,84,一个,主食材
533,2,少许,辅料
533,3,少许,辅料
533,4,少许,辅料
533,5,少许,辅料
534,193,适量,主食材
534,2,少许,辅料
534,75,一棵,辅料
534,4,少许,辅料
534,5,少许,辅料
534,7,少许,辅料
534,9,少许,辅料
534,44,少许,辅料
534,26,一勺,辅料
534,67,少许,辅料
535,253,适量,主食材
535,84,1个,主食材
535,170,适量,辅料
536,171,2片,主食材
536,169,80g,主食材
536,18,50g,辅料
536,3,小许,辅料
536,97,小许,辅料
536,5,小许,辅料
536,71,小许,辅料
536,22,3g,辅料
536,321,小许,辅料
536,330,1匙,辅料
536,57,小许,辅料
537,331,适量,主食材
538,59,一个,主食材
538,202,一袋,辅料
538,2,适量,辅料
538,1,适量,辅料
538,332,适量,辅料
538,99,两勺,辅料
538,22,两勺,辅料
538,67,1勺,辅料
539,84,一个,主食材
539,134,50克,主食材
539,85,90克,主食材
539,103,65克,主食材
539,37,140克,主食材
539,135,15克,主食材
539,100,5克,辅料
539,333,适量,辅料
540,164,适量,主食材
540,18,适量,辅料
540,76,适量,辅料
540,54,适量,辅料
540,22,适量,辅料
541,260,适量,主食材
541,22,适量,辅料
541,5,适量,辅料
542,334,适量,主食材
542,222,80g,辅料
542,67,适量,辅料
543,131,适量,主食材
543,32,适量,主食材
543,133,适量,辅料
543,52,适量,辅料
544,88,300克,主食材
544,81,40克,主食材
544,5,3克,主食材
544,27,5克,主食材
544,85,200克,主食材
544,65,30克,主食材
544,135,10克,辅料
545,2,适量,辅料
545,113,少许,辅料
545,5,适量,辅料
546,270,100g,主食材
546,368,300g,辅料
546,22,两勺,辅料
546,6,两勺,辅料
546,54,适量,辅料
547,18,150克,主食材
547,39,1块,主食材
547,26,800克,主食材
547,4,20克,辅料
547,5,1克,辅料
547,7,30克,辅料
548,369,60g,主食材
548,5,1g,辅料
548,97,小许,辅料
548,71,1g,辅料
549,70,1斤,主食材
549,84,4个,辅料
549,12,1个,辅料
549,162,2颗,辅料
549,60,4只,辅料
549,141,2片,辅料
549,1,4颗,辅料
549,3,1颗,辅料
549,2,5片,辅料
550,370,一人份,主食材
550,3,适量,主食材
550,84,一个,辅料
550,34,适量,辅料
550,7,适量,辅料
550,5,适量…,辅料
550,71,适量,辅料
551,26,270克,主食材
551,84,1个,主食材
551,5,2克,主食材
551,27,4克,主食材
551,86,20克,主食材
551,81,30克,主食材
551,85,100克,主食材
551,65,20克,辅料
552,260,一条约500g,主食材
552,3,四根,辅料
552,243,一个,辅料
552,77,100毫升,辅料
552,4,适量,辅料
552,5,少量,辅料
552,21,适量,辅料
552,7,少量,辅料
553,417,1个,主食材
553,418,250g,主食材
553,65,50g,辅料
553,85,25g,辅料
553,137,适量,辅料
553,419,适量,辅料
554,10,3个,主食材
554,420,300g,主食材
554,1,一个,辅料
554,3,一条,辅料
555,130,2个,辅料
555,421,100克,辅料
555,341,1把,辅料
555,123,1根,辅料
555,97,3根,辅料
555,42,2朵,辅料
555,328,4根,辅料
555,181,4根,辅料
555,92,1段,辅料
555,422,1片,辅料
555,153,3多,辅料
555,423,1把,辅料
555,424,1块,辅料
555,188,1把,辅料
555,3,1段,辅料
555,2,2片,辅料
555,1,3瓣,辅料
555,6,1勺,辅料
555,21,2勺,辅料
555,23,1勺,辅料
555,22,1勺,辅料
555,5,2勺,辅料
555,425,1勺,辅料
556,426,适量,主食材
556,92,适量,主食材
556,3,适量,主食材
556,5,适量,辅料
556,6,适量,辅料
556,22,适量,辅料
556,21,适量,辅料
556,62,适量,辅料
557,193,600克,主食材
557,427,6个,主食材
557,13,1根,主食材
557,2,2片,辅料
557,247,适量,辅料
557,5,1克,辅料
558,197,1块,主食材
558,209,6根,主食材
558,47,1个,主食材
558,42,2朵,辅料
558,1,4瓣,辅料
558,4,10克,辅料
558,247,半碗,辅料
558,7,20克,辅料
559,84,3个,主食材
559,37,75克,主食材
559,134,55克,主食材
559,136,45克,主食材
560,128,适量,主食材
560,3,适量,辅料
561,18,3两,主食材
561,76,2个,主食材
561,10,1个,主食材
561,22,15ml,辅料
561,67,10g,辅料
561,6,10ml,辅料
561,23,5ml,辅料
562,280,7个,主食材
562,7,2勺,辅料
562,21,1勺,辅料
563,26,适量,主食材
563,207,一把,主食材
563,42,20朵,主食材
563,27,少许,辅料
563,67,少许,辅料
563,61,两勺,辅料
563,5,适量,辅料
564,5,适量,辅料
564,7,适量,辅料
565,84,5枚,主食材
565,81,60克,主食材
565,103,65克,主食材
565,85,70克,主食材
565,37,100克,主食材
565,282,几滴,辅料
566,2,4片,辅料
566,1,6颗,辅料
566,60,6个,辅料
566,67,少许,辅料
566,71,少许,辅料
566,162,3颗,辅料
566,161,20颗,辅料
566,191,1块,辅料
567,84,5个,主食材
567,85,250g,主食材
567,136,250g,主食材
567,428,1个,主食材
567,81,30g,主食材
567,174,适量,主食材
568,392,适量,主食材
568,367,适量,主食材
568,42,适量,主食材
568,429,适量,主食材
568,54,适量,辅料
568,4,适量,辅料
568,5,适量,辅料
569,84,12个,主食材
569,430,适量,辅料
569,5,适量,辅料
569,7,适量,辅料
569,162,2个,辅料
569,191,一点,辅料
569,141,一点,辅料
570,123,适量,主食材
570,197,适量,主食材
570,72,适量,主食材
570,47,少许,辅料
570,4,少许,辅料
570,22,少许,辅料
571,283,16个,主食材
572,328,1把,主食材
572,431,200g,辅料
572,368,200g,辅料
572,243,3个,辅料
572,3,适量,辅料
572,2,适量,辅料
572,1,3瓣,辅料
572,66,2勺,辅料
572,5,适量,辅料
572,9,少许,辅料
572,6,1勺,辅料
572,22,2勺,辅料
572,21,1勺,辅料
572,4,适量,辅料
572,71,少许,辅料
572,67,1勺,辅料
573,10,1个,主食材
573,41,小半个,辅料
573,84,1个,辅料
573,229,适量,辅料
573,432,适量,辅料
573,172,适量,辅料
573,5,少量,辅料
574,14,适量,主食材
574,5,适量,辅料
574,7,适量,辅料
575,197,适量,主食材
575,123,适量,辅料
576,107,适量,主食材
576,181,适量,主食材
576,22,适量,辅料
576,21,适量,辅料
576,2,适量,辅料
576,1,适量,辅料
576,76,适量,辅料
576,5,适量,辅料
577,188,一把,主食材
577,84,两个,主食材
577,26,少许,辅料
577,61,少许,辅料
577,5,少许,辅料
578,96,1块,主食材
578,363,适量,主食材
578,357,适量,主食材
578,42,适量,主食材
578,1,适量,辅料
578,243,2个,辅料
578,21,适量,辅料
578,22,适量,辅料
578,9,适量,辅料
579,72,250g,主食材
579,120,一根,主食材
579,1,3瓣,辅料
580,52,600毫升,辅料
581,42,适量,主食材
581,96,适量,主食材
581,2,适量,辅料
581,123,适量,辅料
581,54,适量,辅料
581,4,适量,辅料
581,5,适量,辅料
581,22,适量,辅料
582,298,两个,主食材
582,301,两个,主食材
583,84,5枚,主食材
583,75,1颗,主食材
583,4,4勺,辅料
583,248,3勺,辅料
583,21,1勺,辅料
583,54,1勺,辅料
583,52,半碗,辅料
584,88,500g,主食材
584,65,140g,主食材
584,380,270g,主食材
584,85,30g,辅料
584,27,6g,辅料
584,67,40g,辅料
584,5,10g,辅料
584,381,少量,辅料
585,285,适量,主食材
585,197,适量,主食材
585,1,适量,辅料
585,2,适量,辅料
585,243,2个,辅料
585,6,适量,辅料
585,5,少许,辅料
586,298,两个,主食材
586,12,半根,主食材
586,106,适量,主食材
586,52,适量,辅料
587,382,适量,主食材
587,52,60g,辅料
587,67,100g,辅料
588,4,适量,辅料
588,21,少量,辅料
588,5,适量,辅料
589,171,250g,主食材
589,4,适量,辅料
589,5,适量,辅料
589,21,适量,辅料
590,18,750g,主食材
590,5,少量,辅料
590,7,适量,辅料
590,21,少量,辅料
591,40,三个,主食材
591,433,适量,主食材
592,59,适量,主食材
592,434,适量,主食材
592,2,少许,辅料
592,3,少许,辅料
592,4,少许,辅料
592,21,少许,辅料
593,193,适量,主食材
593,211,少许,辅料
593,1,少许,辅料
593,4,少许,辅料
593,21,少许,辅料
593,67,少许,辅料
593,5,少许,辅料
593,9,少许,辅料
593,44,少许,辅料
594,435,一条约750克,主食材
594,3,少许,辅料
594,97,少许,辅料
594,1,少许,辅料
594,2,少许,辅料
594,4,适量,辅料
594,248,适量,辅料
594,64,适量,辅料
594,7,少许,辅料
594,67,少许,辅料
594,9,少许,辅料
594,44,少许,辅料
595,39,130克,主食材
595,85,90克,主食材
595,273,22克,主食材
595,284,20克,主食材
595,133,12克,主食材
595,26,105克,主食材
596,50,适量,辅料
597,84,2个,主食材
597,13,2根,主食材
597,344,1摞,主食材
597,262,30克,辅料
597,249,5棵,辅料
597,4,15克,辅料
597,5,2克,辅料
598,436,300g,主食材
598,209,适量,辅料
598,47,适量,辅料
598,75,少许,辅料
598,1,少许,辅料
598,5,2g,辅料
598,121,1g,辅料
598,22,5g,辅料
599,10,400g,主食材
599,13,50g,辅料
599,12,30g,辅料
599,209,2个,辅料
599,243,2个,辅料
599,84,1个,辅料
599,5,适量,辅料
599,9,2g,辅料
599,121,1g,辅料
599,54,适量,辅料
599,3,少许,辅料
599,1,少许,辅料
600,52,若干,辅料
600,5,半克,辅料
600,71,半克,辅料
600,57,2g,辅料
601,131,适量,主食材
601,147,适量,主食材
601,90,适量,主食材
601,43,适量,辅料
601,274,适量,辅料
601,36,适量,辅料
602,26,200g,主食材
602,407,50g,主食材
602,29,适量,辅料
603,408,10斤,主食材
603,51,250克到300克,辅料
603,2,两小块,辅料
604,409,8g,主食材
604,85,150ml,主食材
604,410,适量,辅料
605,95,适量,主食材
605,154,适量,主食材
605,39,适量,辅料
605,41,适量,辅料
605,5,适量,辅料
605,36,适量,辅料
605,9,适量,辅料
606,193,700g,主食材
606,10,300g,辅料
606,106,适量,辅料
606,7,适量,辅料
606,162,适量,辅料
606,76,适量,辅料
607,437,7个,主食材
607,319,130克,主食材
607,153,1把,主食材
607,5,适量,辅料
607,121,适量,辅料
608,438,适量,主食材
608,307,适量,主食材
608,2,适量,辅料
608,6,适量,辅料
608,211,适量,辅料
608,22,适量,辅料
608,21,适量,辅料
609,5,适量,辅料
609,121,适量,辅料
610,7,适量,辅料
610,21,适量,辅料
610,5,适量,辅料
610,67,适量,辅料
611,107,一个,主食材
611,138,两个,主食材
611,3,适量,辅料
611,1,适量,辅料
611,47,适量,辅料
611,2,适量,辅料
611,4,适量,辅料
611,5,适量,辅料
611,62,适量,辅料
611,7,适量,辅料
611,439,一勺,辅料
612,169,适量,主食材
612,37,20克,主食材
612,440,140克,主食材
612,27,2克,主食材
612,52,适量,辅料
613,36,200ml,辅料
613,50,一勺,辅料
614,10,两个,主食材
614,64,一小勺,辅料
614,103,8毫升,辅料
614,17,2毫升,辅料
614,5,少许,辅料
615,40,580克,主食材
615,441,40克,主食材
615,103,115克,主食材
615,5,3克,主食材
615,397,2.5克,主食材
615,66,6克,主食材
615,2,适量,主食材
615,1,适量,主食材
615,6,20克,主食材
616,128,适量,主食材
616,181,适量,主食材
616,166,适量,主食材
616,5,少许,辅料
617,286,适量,主食材
617,13,一根,辅料
617,10,两个,辅料
618,40,300克,主食材
618,13,半根,主食材
618,120,半根,主食材
618,54,适量,辅料
618,64,1勺,辅料
618,6,适量,辅料
618,22,1勺,辅料
618,21,1勺,辅料
618,195,1勺半,辅料
618,67,1勺,辅料
618,54,1勺,辅料
618,52,2勺,辅料
618,5,适量,辅料
619,40,4只,主食材
619,442,4根,主食材
619,310,6只,主食材
619,75,半根,辅料
619,1,4瓣,辅料
619,162,2颗,辅料
619,161,1撮,辅料
619,191,1小块,辅料
619,141,2片,辅料
619,247,1杯,辅料
619,7,30克,辅料
619,23,10克,辅料
619,248,1勺,辅料
619,246,1瓶,辅料
620,256,225克,主食材
620,443,110克,主食材
620,84,2只,主食材
620,5,适量,辅料
620,121,适量,辅料
621,148,3朵,主食材
621,173,半个,主食材
621,131,5颗,辅料
621,51,适量,辅料
621,222,适量,辅料
622,3,适量,辅料
622,2,3片,辅料
622,1,2瓣,辅料
623,147,适量,主食材
623,85,适量,主食材
623,405,适量,辅料
623,106,适量,辅料
624,406,适量,主食材
624,146,适量,主食材
624,382,适量,主食材
624,36,适量,辅料
625,357,适量,主食材
625,56,一小把,主食材
625,1,适量,辅料
625,5,适量,辅料
625,22,适量,辅料
625,4,适量,辅料
626,344,几个,主食材
626,52,适量,辅料
626,4,小许,辅料
627,52,300g,辅料
627,5,1g,辅料
627,71,1g,辅料
628,124,适量,主食材
628,421,适量,主食材
629,149,适量,主食材
629,421,适量,主食材
629,4,适量,辅料
629,5,适量,辅料
629,23,适量,辅料
630,323,适量,主食材
630,97,适量,辅料
630,3,适量,辅料
630,162,适量,辅料
630,5,适量,辅料
630,2,适量,辅料
630,71,适量,辅料
631,444,1个,主食材
631,6,适量,辅料
631,5,适量,辅料
632,18,200g,主食材
632,357,两颗,主食材
632,376,50g,辅料
632,1,3瓣,辅料
632,3,适量,辅料
632,6,一勺,辅料
632,22,一勺,辅料
632,54,适量,辅料
632,5,适量,辅料
632,4,适量,辅料
633,79,1根,主食材
633,13,半根,辅料
633,153,少许,辅料
633,203,半根,辅料
633,1,3瓣,辅料
633,54,2勺,辅料
633,4,适量,辅料
633,5,适量,辅料
633,67,1勺,辅料
633,350,少许,辅料
633,71,少许,辅料
634,286,1块,主食材
634,1,2颗,辅料
635,15,1棵,辅料
635,97,2棵,辅料
635,243,1个,辅料
635,209,1个,辅料
636,27,3克,辅料
637,18,300克,主食材
638,445,280克,主食材
638,13,半根,主食材
638,120,半根,主食材
638,64,1勺,辅料
638,22,1勺,辅料
638,21,1勺,辅料
638,195,1勺半,辅料
638,67,1勺,辅料
638,54,1勺,辅料
638,52,2勺,辅料
639,363,16只,主食材
639,4,3勺,辅料
639,2,适量,辅料
639,201,1袋,辅料
639,1,适量,辅料
639,60,适量,辅料
640,446,155克,主食材
640,124,210克,主食材
640,22,适量,辅料
640,5,适量,辅料
640,121,适量,辅料
641,193,适量,主食材
641,13,适量,主食材
641,128,适量,主食材
641,2,适量,辅料
641,346,适量,辅料
641,5,适量,辅料
642,447,适量,主食材
643,42,适量,主食材
643,96,适量,主食材
643,2,适量,辅料
643,123,适量,辅料
643,54,适量,辅料
643,4,适量,辅料
643,5,适量,辅料
643,22,适量,辅料
644,298,两个,主食材
644,301,两个,主食材
645,84,5枚,主食材
645,75,1颗,主食材
645,4,4勺,辅料
645,248,3勺,辅料
645,21,1勺,辅料
645,54,1勺,辅料
645,52,半碗,辅料
646,88,500g,主食材
646,65,140g,主食材
646,380,270g,主食材
646,85,30g,辅料
646,27,6g,辅料
646,67,40g,辅料
646,5,10g,辅料
646,381,少量,辅料
647,285,适量,主食材
647,197,适量,主食材
647,1,适量,辅料
647,2,适量,辅料
647,243,2个,辅料
647,6,适量,辅料
647,5,少许,辅料
648,298,两个,主食材
648,12,半根,主食材
648,106,适量,主食材
648,52,适量,辅料
649,382,适量,主食材
649,52,60g,辅料
649,67,100g,辅料
650,4,适量,辅料
650,21,少量,辅料
650,5,适量,辅料
651,171,250g,主食材
651,4,适量,辅料
651,5,适量,辅料
651,21,适量,辅料
652,18,750g,主食材
652,5,少量,辅料
652,7,适量,辅料
652,21,少量,辅料
653,144,适量,主食材
653,74,50g,辅料
653,84,一个,辅料
653,3,适量,辅料
653,4,适量,辅料
653,5,适量,辅料
654,39,适量,主食材
654,26,适量,主食材
654,391,适量,主食材
654,27,少许,辅料
655,144,适量,主食材
655,84,一个,辅料
655,3,适量,辅料
655,4,适量,辅料
655,5,适量,辅料
656,386,一只,主食材
656,238,5～8片,辅料
656,448,3～5片,辅料
656,131,4～6个,辅料
656,32,5～10g,辅料
656,5,适量,辅料
657,10,三个小的,主食材
657,449,少许,辅料
657,197,少许,辅料
657,1,少许,辅料
657,4,适量,辅料
658,214,适量,主食材
658,219,一个,主食材
658,31,一个,主食材
658,12,一条,主食材
658,13,一条,主食材
658,2,少许,辅料
658,5,少许,辅料
659,84,6个偏小,主食材
659,449,适量,主食材
659,75,适量,主食材
659,4,适量,辅料
659,5,少许,辅料
659,9,少许,辅料
660,198,适量,主食材
660,5,适量,辅料
660,2,适量,辅料
660,1,适量,辅料
660,7,适量,辅料
660,308,适量,辅料
660,3,适量,辅料
660,4,适量,辅料
661,109,2个,主食材
661,134,35g,主食材
661,65,50g,主食材
661,37,45g,主食材
661,108,5g,主食材
661,100,2.5g,主食材
661,156,少许,辅料
661,450,适量,辅料
662,254,适量,主食材
662,138,一个,主食材
662,92,半根,主食材
662,3,几根,辅料
662,2,一块,辅料
662,4,适量,辅料
662,5,适量,辅料
662,21,适量,辅料
662,6,一勺,辅料
663,26,300克,主食材
663,5,1克+适量,辅料
663,94,100克,辅料
663,342,100克,辅料
663,451,适量,辅料
663,4,适量,辅料
664,18,500g,主食材
664,164,150g,主食材
664,2,1小块,辅料
664,15,2棵,辅料
664,22,1勺,辅料
664,21,2勺,辅料
664,7,3勺,辅料
664,6,2勺,辅料
664,9,1g,辅料
665,65,125克,主食材
665,5,1克,主食材
665,35,50克,主食材
665,452,30克,主食材
665,37,120克,主食材
665,66,5克,主食材
665,65,125克,辅料
665,5,1克,辅料
665,35,60克,辅料
665,452,30克,辅料
665,37,110克,辅料
665,66,30克,辅料
665,453,20克,辅料
665,108,6克,辅料
665,65,125克,辅料
665,135,15克,辅料
666,22,一勺,辅料
666,71,少量,辅料
666,6,一勺,辅料
666,67,少量,辅料
666,4,少量,辅料
667,77,一大勺,主食材
667,84,一个,主食材
667,131,三颗,辅料
667,32,适量,辅料
667,106,两小颗,辅料
668,454,一块,主食材
668,178,一根,主食材
668,452,少量,辅料
668,127,少量,辅料
669,455,一朵,主食材
669,47,一个,辅料
669,3,一根,辅料
669,4,适量,辅料
669,5,适量,辅料
670,454,一块,主食材
670,391,少量,辅料
671,18,300克,主食材
672,445,280克,主食材
672,13,半根,主食材
672,120,半根,主食材
672,64,1勺,辅料
672,22,1勺,辅料
672,21,1勺,辅料
672,195,1勺半,辅料
672,67,1勺,辅料
672,54,1勺,辅料
672,52,2勺,辅料
673,363,16只,主食材
673,4,3勺,辅料
673,2,适量,辅料
673,201,1袋,辅料
673,1,适量,辅料
673,60,适量,辅料
674,446,155克,主食材
674,124,210克,主食材
674,22,适量,辅料
674,5,适量,辅料
674,121,适量,辅料
675,5,1g,辅料
675,71,1g,辅料
675,350,3g,辅料
676,456,几根,主食材
676,373,60g,主食材
676,55,120g,主食材
676,344,几个,主食材
676,4,半匙,辅料
676,5,半克,辅料
676,71,小许,辅料
676,22,3g,辅料
677,120,300g,主食材
677,155,两个,主食材
677,26,160g,主食材
677,36,50ml,辅料
678,363,4只,主食材
678,84,一个,主食材
678,26,50克,主食材
678,112,20克,主食材
678,13,30克,主食材
678,2,适量,辅料
678,36,15毫升,辅料
679,109,2个,主食材
679,134,35g,主食材
679,65,50g,主食材
679,37,45g,主食材
679,108,5g,主食材
679,100,2.5g,主食材
679,156,少许,辅料
679,450,适量,辅料
680,254,适量,主食材
680,138,一个,主食材
680,92,半根,主食材
680,3,几根,辅料
680,2,一块,辅料
680,4,适量,辅料
680,5,适量,辅料
680,21,适量,辅料
680,6,一勺,辅料
681,122,9个,主食材
681,457,一杯,辅料
681,2,几片,辅料
681,3,少量,辅料
681,5,少量,辅料
681,7,少量,辅料
681,4,适量,辅料
682,84,三个,主食材
682,249,几根,辅料
682,5,适量,辅料
682,6,一勺,辅料
682,4,适量,辅料
683,458,适量,主食材
683,3,适量,辅料
683,2,适量,辅料
683,1,适量,辅料
683,162,2个,辅料
683,60,2个,辅料
683,5,适量,辅料
683,121,适量,辅料
683,24,适量,辅料
683,6,适量,辅料
683,22,适量,辅料
683,23,适量,辅料
683,21,适量,辅料
684,65,200克,主食材
684,134,200克,主食材
684,84,170克,主食材
684,37,200克,主食材
684,110,5克,主食材
684,100,2克,主食材
684,459,60克,主食材
684,337,适量,辅料
684,377,适量,辅料
685,63,适量,主食材
685,460,少许,辅料
685,47,少许,辅料
686,56,1-2把,主食材
686,112,几朵,辅料
686,31,半个,辅料
686,461,几片,辅料
686,120,半根,辅料
686,14,几片,辅料
686,243,2个,辅料
686,1,适量,辅料
686,127,适量,辅料
686,462,150克（适量）,辅料
686,22,2勺,辅料
686,321,2勺,辅料
686,67,2勺,辅料
686,5,1匙,辅料
687,18,(牛肉也行)适量,主食材
687,160,1把,辅料
687,21,1勺,辅料
687,5,1勺,辅料
687,67,1勺,辅料
687,121,1勺,辅料
688,70,适量,主食材
688,3,适量,辅料
688,2,适量,辅料
688,162,适量,辅料
688,162,适量,辅料
688,463,适量,辅料
688,67,适量,辅料
688,106,适量,辅料
689,392,300g,主食材
689,153,适量,主食材
689,328,适量,主食材
689,84,1个,辅料
689,3,1段,辅料
689,1,2瓣,辅料
689,2,2片,辅料
689,5,适量,辅料
689,22,2匙,辅料
689,23,半匙,辅料
689,6,1匙,辅料
689,54,2匙,辅料
689,9,少许,辅料
689,17,1匙,辅料
689,4,适量,辅料
690,26,500g,主食材
690,84,1个,主食材
690,28,适量,主食材
690,10,适量,辅料
690,464,适量,辅料
691,280,适量,主食材
691,465,适量,主食材
691,3,适量,辅料
691,2,适量,辅料
691,1,适量,辅料
691,5,适量,辅料
691,4,适量,辅料
691,64,适量,辅料
691,7,适量,辅料
691,6,适量,辅料
691,36,适量,辅料
692,466,5条,主食材
692,26,适量,主食材
692,1,适量,辅料
692,2,适量,辅料
692,328,适量,辅料
692,5,适量,辅料
692,61,500克,辅料
692,6,适量,辅料
692,161,适量,辅料
692,162,适量,辅料
692,99,2勺,辅料
692,22,2勺,辅料
693,84,8个,主食材
693,85,120g,辅料
693,103,90g,辅料
693,81,90g,辅料
693,66,15g,辅料
693,37,90g,辅料
693,350,几滴,辅料
694,58,适量,主食材
694,84,适量,主食材
694,14,适量,主食材
694,3,适量,辅料
694,61,适量,辅料
694,5,适量,辅料
695,37,50g,主食材
695,100,1g,主食材
695,84,1只,主食材
695,219,半只,主食材
695,81,15g,主食材
695,65,10g,主食材
696,167,适量,主食材
696,207,适量,主食材
696,128,适量,主食材
696,5,2克,辅料
697,167,适量,主食材
697,42,适量,主食材
697,3,适量,主食材
697,467,两块,主食材
697,103,6毫升,辅料
698,52,适量,辅料
699,468,一条,主食材
699,96,适量,主食材
699,130,两个,主食材
699,439,一小勺,辅料
699,103,8毫升,辅料
699,5,少许,辅料
699,22,3毫升,辅料
699,6,3毫升,辅料
700,145,适量,主食材
700,116,适量,主食材
700,3,适量,主食材
700,103,8毫升,辅料
700,22,3毫升,辅料
700,5,少许,辅料
700,17,3毫升,辅料
700,67,2克,辅料
700,439,一勺,辅料
701,40,三个,主食材
701,433,适量,主食材
702,59,适量,主食材
702,434,适量,主食材
702,2,少许,辅料
702,3,少许,辅料
702,4,少许,辅料
702,21,少许,辅料
703,193,适量,主食材
703,211,少许,辅料
703,1,少许,辅料
703,4,少许,辅料
703,21,少许,辅料
703,67,少许,辅料
703,5,少许,辅料
703,9,少许,辅料
703,44,少许,辅料
704,435,一条约750克,主食材
704,3,少许,辅料
704,97,少许,辅料
704,1,少许,辅料
704,2,少许,辅料
704,4,适量,辅料
704,248,适量,辅料
704,64,适量,辅料
704,7,少许,辅料
704,67,少许,辅料
704,9,少许,辅料
704,44,少许,辅料
705,39,130克,主食材
705,85,90克,主食材
705,273,22克,主食材
705,284,20克,主食材
705,133,12克,主食材
705,26,105克,主食材
706,50,适量,辅料
707,84,2个,主食材
707,13,2根,主食材
707,344,1摞,主食材
707,262,30克,辅料
707,249,5棵,辅料
707,4,15克,辅料
707,5,2克,辅料
708,436,300g,主食材
708,209,适量,辅料
708,47,适量,辅料
708,75,少许,辅料
708,1,少许,辅料
708,5,2g,辅料
708,121,1g,辅料
708,22,5g,辅料
709,10,400g,主食材
709,13,50g,辅料
709,12,30g,辅料
709,209,2个,辅料
709,243,2个,辅料
709,84,1个,辅料
709,5,适量,辅料
709,9,2g,辅料
709,121,1g,辅料
709,54,适量,辅料
709,3,少许,辅料
709,1,少许,辅料
710,52,若干,辅料
710,5,半克,辅料
710,71,半克,辅料
710,57,2g,辅料
711,91,适量,主食材
711,3,适量,辅料
711,2,适量,辅料
711,161,适量,辅料
711,192,一个,辅料
711,375,适量,辅料
711,162,一个,辅料
711,5,适量,辅料
711,6,适量,辅料
711,36,适量,辅料
712,193,适量,主食材
712,5,少许,辅料
713,107,一个,主食材
713,138,两个,主食材
713,3,适量,辅料
713,1,适量,辅料
713,47,适量,辅料
713,2,适量,辅料
713,4,适量,辅料
713,5,适量,辅料
713,62,适量,辅料
713,7,适量,辅料
713,439,一勺,辅料
714,169,适量,主食材
714,37,20克,主食材
714,440,140克,主食材
714,27,2克,主食材
714,52,适量,辅料
715,36,200ml,辅料
715,50,一勺,辅料
716,10,两个,主食材
716,64,一小勺,辅料
716,103,8毫升,辅料
716,17,2毫升,辅料
716,5,少许,辅料
717,40,580克,主食材
717,441,40克,主食材
717,103,115克,主食材
717,5,3克,主食材
717,397,2.5克,主食材
717,66,6克,主食材
717,2,适量,主食材
717,1,适量,主食材
717,6,20克,主食材
718,128,适量,主食材
718,181,适量,主食材
718,166,适量,主食材
718,5,少许,辅料
719,286,适量,主食材
719,13,一根,辅料
719,10,两个,辅料
720,40,300克,主食材
720,13,半根,主食材
720,120,半根,主食材
720,54,适量,辅料
720,64,1勺,辅料
720,6,适量,辅料
720,22,1勺,辅料
720,21,1勺,辅料
720,195,1勺半,辅料
720,67,1勺,辅料
720,54,1勺,辅料
720,52,2勺,辅料
720,5,适量,辅料
721,40,4只,主食材
721,442,4根,主食材
721,310,6只,主食材
721,75,半根,辅料
721,1,4瓣,辅料
721,162,2颗,辅料
721,161,1撮,辅料
721,191,1小块,辅料
721,141,2片,辅料
721,247,1杯,辅料
721,7,30克,辅料
721,23,10克,辅料
721,248,1勺,辅料
721,246,1瓶,辅料
722,256,225克,主食材
722,443,110克,主食材
722,84,2只,主食材
722,5,适量,辅料
722,121,适量,辅料
723,286,1块,主食材
723,270,适量,主食材
723,3,适量,辅料
723,66,1勺,辅料
723,4,适量,辅料
723,2,适量,辅料
723,1,适量,辅料
724,355,250g,主食材
724,4,适量,辅料
724,21,适量,辅料
724,5,适量,辅料
725,84,2只,主食材
725,61,1匙,辅料
725,22,1匙,辅料
725,17,半匙,辅料
726,469,5g,主食材
726,470,5g,辅料
726,471,5g,辅料
726,106,1块,辅料
727,18,1块,主食材
727,61,适量,辅料
727,22,1匙,辅料
727,6,1匙,辅料
727,54,1勺,辅料
727,5,少许,辅料
728,209,适量,主食材
728,169,适量,主食材
728,66,一大勺,辅料
728,103,10毫升,辅料
728,5,少许,辅料
728,67,1克,辅料
728,397,一个,辅料
729,62,1勺,辅料
729,7,1勺,辅料
729,21,1勺,辅料
729,5,2勺,辅料
729,9,1勺,辅料
729,121,半勺,辅料
730,2,适量,主食材
730,468,一条,主食材
730,211,一勺,主食材
730,439,一勺,辅料
730,22,3毫升,辅料
730,5,2克,辅料
730,103,8毫升,辅料
731,52,若干,辅料
731,5,半克,辅料
731,71,半克,辅料
731,57,2g,辅料
732,70,1条,主食材
732,9,少许,辅料
733,125,200克,主食材
733,472,1盒,主食材
733,70,1块,主食材
733,160,1把,辅料
733,41,半个,辅料
733,209,1个,辅料
733,1,2瓣,辅料
733,2,2片,辅料
734,473,一片,主食材
734,54,几十克,辅料
735,96,250g,主食材
735,249,30g,主食材
735,5,1g,辅料
735,22,5g,辅料
735,57,4g,辅料
735,97,4棵,辅料
736,474,325克,主食材
736,207,140克,主食材
736,268,135克,主食材
737,475,500g,主食材
737,2,5g,辅料
737,3,5g,辅料
737,1,5g,辅料
738,476,2条,主食材
738,10,100g,主食材
738,41,50克,辅料
738,97,3g,辅料
738,4,适量,辅料
739,477,1条,主食材
739,3,5g,辅料
739,2,5g,辅料
739,1,5g,辅料
739,161,3g,辅料
739,162,3g,辅料
739,97,5g,辅料
739,4,1勺,辅料
739,67,0.5勺,辅料
740,83,200g,主食材
740,47,50g,主食材
740,209,50g,主食材
740,290,50g,主食材
740,3,5g,主食材
740,2,5g,主食材
740,161,3g,辅料
740,162,3g,辅料
740,4,0.5勺,辅料
740,6,1勺,辅料
740,67,1勺,辅料
740,5,适量,辅料
740,121,0.2匙,辅料
741,478,800g（半只）,主食材
741,10,400g,辅料
741,361,100g,辅料
741,297,4个,辅料
741,3,适量,辅料
741,60,2个,辅料
741,64,1勺,辅料
741,161,10余粒,辅料
741,22,10g,辅料
741,23,5g,辅料
741,67,10g,辅料
741,71,3g,辅料
741,5,5g,辅料
741,2,适量,辅料
741,1,适量,辅料
742,260,1条(3斤),主食材
742,397,2枚,辅料
742,3,适量,辅料
742,2,适量,辅料
742,388,适量,辅料
742,5,适量,辅料
742,318,适量,辅料
742,54,25g,辅料
743,313,300g,主食材
743,347,100g,辅料
743,209,1个,辅料
743,243,2个,辅料
743,1,2个,辅料
743,5,2g,辅料
743,67,2g,辅料
743,121,2g,辅料
743,22,5g,辅料
743,321,8g,辅料
743,57,少许,辅料
744,59,500g,主食材
744,26,400g,辅料
744,27,3g,辅料
744,67,5g,辅料
744,28,220g,辅料
744,100,5g,辅料
744,34,8g,辅料
744,3,适量,辅料
744,1,适量,辅料
744,5,适量,辅料
745,26,适量,主食材
745,84,适量,主食材
745,52,适量,主食材
745,5,适量,辅料
746,26,适量,主食材
746,84,适量,主食材
746,52,适量,主食材
746,5,适量,辅料
747,479,适量,主食材
747,107,适量,主食材
747,1,适量,辅料
747,22,适量,辅料
747,23,适量,辅料
747,21,适量,辅料
747,67,适量,辅料
747,54,适量,辅料
748,103,70g,主食材
748,37,86g,主食材
748,85,65g,主食材
748,84,258g,主食材
748,67,50g,辅料
748,282,或白醋，10滴,辅料
748,5,1g,辅料
749,76,3000g,主食材
749,358,500g,主食材
749,480,400g,辅料
749,320,300g,辅料
749,264,200g,辅料
749,121,200g,辅料
749,67,200g,辅料
749,99,200g,辅料
749,64,1500g,辅料
750,169,200g,主食材
750,41,半个,主食材
750,4,25ml,辅料
751,466,5条,主食材
751,26,适量,主食材
751,1,适量,辅料
751,2,适量,辅料
751,328,适量,辅料
751,5,适量,辅料
751,61,500克,辅料
751,6,适量,辅料
751,161,适量,辅料
751,162,适量,辅料
751,99,2勺,辅料
751,22,2勺,辅料
752,84,8个,主食材
752,85,120g,辅料
752,103,90g,辅料
752,81,90g,辅料
752,66,15g,辅料
752,37,90g,辅料
752,350,几滴,辅料
753,58,适量,主食材
753,84,适量,主食材
753,14,适量,主食材
753,3,适量,辅料
753,61,适量,辅料
753,5,适量,辅料
754,37,50g,主食材
754,100,1g,主食材
754,84,1只,主食材
754,219,半只,主食材
754,81,15g,主食材
754,65,10g,主食材
755,167,适量,主食材
755,207,适量,主食材
755,128,适量,主食材
755,5,2克,辅料
756,167,适量,主食材
756,42,适量,主食材
756,3,适量,主食材
756,467,两块,主食材
756,103,6毫升,辅料
757,52,适量,辅料
758,468,一条,主食材
758,96,适量,主食材
758,130,两个,主食材
758,439,一小勺,辅料
758,103,8毫升,辅料
758,5,少许,辅料
758,22,3毫升,辅料
758,6,3毫升,辅料
759,145,适量,主食材
759,116,适量,主食材
759,3,适量,主食材
759,103,8毫升,辅料
759,22,3毫升,辅料
759,5,少许,辅料
759,17,3毫升,辅料
759,67,2克,辅料
759,439,一勺,辅料
760,14,适量,主食材
760,181,适量,主食材
760,126,一碗,主食材
760,439,一小勺,辅料
760,103,8毫升,辅料
760,5,少许,辅料
761,122,800克,主食材
761,294,45克,辅料
762,416,适量,主食材
762,96,适量,主食材
762,154,适量,主食材
762,19,适量,主食材
762,465,一个,主食材
762,3,适量,辅料
762,1,适量,辅料
762,123,适量,辅料
762,61,适量,辅料
762,34,适量,辅料
762,7,适量,辅料
762,62,适量,辅料
763,341,适量,主食材
763,222,适量,辅料
763,67,适量,辅料
764,91,适量,主食材
764,3,适量,辅料
764,2,适量,辅料
764,161,适量,辅料
764,192,一个,辅料
764,375,适量,辅料
764,162,一个,辅料
764,5,适量,辅料
764,6,适量,辅料
764,36,适量,辅料
765,193,适量,主食材
765,5,少许,辅料
766,107,一个,主食材
766,138,两个,主食材
766,3,适量,辅料
766,1,适量,辅料
766,47,适量,辅料
766,2,适量,辅料
766,4,适量,辅料
766,5,适量,辅料
766,62,适量,辅料
766,7,适量,辅料
766,439,一勺,辅料
767,169,适量,主食材
767,37,20克,主食材
767,440,140克,主食材
767,27,2克,主食材
767,52,适量,辅料
768,36,200ml,辅料
768,50,一勺,辅料
769,10,两个,主食材
769,64,一小勺,辅料
769,103,8毫升,辅料
769,17,2毫升,辅料
769,5,少许,辅料
770,40,580克,主食材
770,441,40克,主食材
770,103,115克,主食材
770,5,3克,主食材
770,397,2.5克,主食材
770,66,6克,主食材
770,2,适量,主食材
770,1,适量,主食材
770,6,20克,主食材
771,88,250g,主食材
771,84,1个,辅料
771,5,4g,辅料
771,27,3g,辅料
771,67,20g,辅料
771,103,20g,辅料
772,72,1根,主食材
772,43,适量,主食材
772,10,1颗,辅料
772,13,1根,辅料
772,61,1勺,辅料
772,2,少许,辅料
772,22,1匙,辅料
772,17,1匙,辅料
772,5,适量,辅料
773,58,50g,主食材
773,355,2颗,辅料
773,61,2匙,辅料
773,3,少许,辅料
773,2,适量,辅料
773,22,1匙,辅料
773,17,1匙,辅料
773,5,适量,辅料
773,57,少许,辅料
774,458,半或一 超市袋子,主食材
774,421,2-4块,辅料
774,2,适量,辅料
774,3,适量,辅料
774,1,适量,辅料
774,5,一点勺,辅料
774,7,半／1勺,辅料
775,478,800g（半只）,主食材
775,10,400g,辅料
775,361,100g,辅料
775,297,4个,辅料
775,3,适量,辅料
775,60,2个,辅料
775,64,1勺,辅料
775,161,10余粒,辅料
775,22,10g,辅料
775,23,5g,辅料
775,67,10g,辅料
775,71,3g,辅料
775,5,5g,辅料
775,2,适量,辅料
775,1,适量,辅料
776,260,1条(3斤),主食材
776,397,2枚,辅料
776,3,适量,辅料
776,2,适量,辅料
776,388,适量,辅料
776,5,适量,辅料
776,318,适量,辅料
776,54,25g,辅料
777,313,300g,主食材
777,347,100g,辅料
777,209,1个,辅料
777,243,2个,辅料
777,1,2个,辅料
777,5,2g,辅料
777,67,2g,辅料
777,121,2g,辅料
777,22,5g,辅料
777,321,8g,辅料
777,57,少许,辅料
778,59,500g,主食材
778,26,400g,辅料
778,27,3g,辅料
778,67,5g,辅料
778,28,220g,辅料
778,100,5g,辅料
778,34,8g,辅料
778,3,适量,辅料
778,1,适量,辅料
778,5,适量,辅料
779,26,适量,主食材
779,84,适量,主食材
779,52,适量,主食材
779,5,适量,辅料
780,26,适量,主食材
780,84,适量,主食材
780,52,适量,主食材
780,5,适量,辅料
781,26,200克,主食材
781,481,80克,主食材
781,27,5+2克,辅料
781,67,适量,辅料
781,85,一瓶,辅料
781,36,适量,辅料
781,482,适量,辅料
781,483,适量,辅料
782,84,5个,主食材
782,37,90g,主食材
782,85,80g,主食材
782,103,20g,主食材
782,5,5g,主食材
782,81,60g,主食材
782,484,适量,辅料
782,3,适量,辅料
782,320,适量,辅料
782,229,适量,辅料
782,350,几滴,辅料
783,485,300g,主食材
783,486,10个,主食材
783,487,250g,辅料
783,488,适量,辅料
784,116,适量,主食材
784,401,适量,主食材
784,209,适量,主食材
784,64,一小勺,辅料
784,103,8毫升,辅料
784,5,1克,辅料
784,22,2毫升,辅料
785,347,适量,主食材
785,218,适量,主食材
785,90,适量,主食材
785,106,适量,主食材
785,184,适量,主食材
785,52,适量,辅料
786,2,两块,主食材
786,5,少许,辅料
786,22,3毫升,辅料
786,6,5毫升,辅料
786,67,1克,辅料
787,384,适量,主食材
787,90,适量,主食材
787,131,适量,主食材
787,106,适量,主食材
787,52,适量,辅料
788,177,4片,主食材
788,84,2个,主食材
788,489,适量,辅料
788,257,适量,辅料
788,67,适量,辅料
789,59,1个,主食材
789,243,2个,辅料
789,5,半茶匙,辅料
789,67,1汤匙,辅料
789,99,2汤匙,辅料
789,22,2汤匙,辅料
790,2,适量,辅料
790,3,适量,辅料
790,5,适量,辅料
790,6,适量,辅料
790,22,适量,辅料
791,84,8个,主食材
791,85,120g,辅料
791,103,90g,辅料
791,81,90g,辅料
791,66,15g,辅料
791,37,90g,辅料
791,350,几滴,辅料
792,58,适量,主食材
792,84,适量,主食材
792,14,适量,主食材
792,3,适量,辅料
792,61,适量,辅料
792,5,适量,辅料
793,37,50g,主食材
793,100,1g,主食材
793,84,1只,主食材
793,219,半只,主食材
793,81,15g,主食材
793,65,10g,主食材
794,167,适量,主食材
794,207,适量,主食材
794,128,适量,主食材
794,5,2克,辅料
795,167,适量,主食材
795,42,适量,主食材
795,3,适量,主食材
795,467,两块,主食材
795,103,6毫升,辅料
796,52,适量,辅料
797,468,一条,主食材
797,96,适量,主食材
797,130,两个,主食材
797,439,一小勺,辅料
797,103,8毫升,辅料
797,5,少许,辅料
797,22,3毫升,辅料
797,6,3毫升,辅料
798,145,适量,主食材
798,116,适量,主食材
798,3,适量,主食材
798,103,8毫升,辅料
798,22,3毫升,辅料
798,5,少许,辅料
798,17,3毫升,辅料
798,67,2克,辅料
798,439,一勺,辅料
799,14,适量,主食材
799,181,适量,主食材
799,126,一碗,主食材
799,439,一小勺,辅料
799,103,8毫升,辅料
799,5,少许,辅料
800,122,800克,主食材
800,294,45克,辅料
801,21,适量,辅料
801,3,适量,辅料
802,55,适量,主食材
802,18,适量,主食材
802,5,适量,辅料
802,7,适量,辅料
802,2,适量,辅料
802,60,适量,辅料
803,26,适量,主食材
803,312,2个,辅料
803,153,适量,辅料
803,13,个,辅料
803,490,适量,辅料
803,3,1颗,辅料
803,55,适量,辅料
803,97,2颗,辅料
803,96,1块,辅料
803,5,半勺,辅料
803,71,半勺,辅料
803,20,适量,辅料
803,22,1勺,辅料
803,195,半勺,辅料
803,61,适量,辅料
804,491,400克,主食材
804,106,280克,主食材
805,59,1个,主食材
805,202,1瓶,辅料
805,47,半个,辅料
805,350,少许,辅料
805,67,少许,辅料
806,171,适量,主食材
806,299,适量,主食材
806,84,一个,主食材
806,113,适量,辅料
806,5,适量,辅料
807,70,1斤半左右,主食材
807,457,一瓶,辅料
807,3,适量,辅料
807,24,适量,辅料
808,84,2颗,主食材
808,355,2颗,辅料
808,447,1个,辅料
808,61,1勺,辅料
808,5,适量,辅料
809,13,1根,主食材
809,262,1勺,辅料
809,84,2只,辅料
809,61,适量,辅料
809,5,适量,辅料
809,24,少许,辅料
810,18,500g,主食材
810,263,适量,辅料
810,299,150g,辅料
810,161,1匙,辅料
810,162,1颗,辅料
810,5,适量,辅料
811,52,半碗,辅料
811,22,3g,辅料
811,5,半克,辅料
811,97,1棵,辅料
812,84,2个,主食材
812,130,2个,主食材
812,328,适量,辅料
812,61,适量,辅料
812,5,适量,辅料
813,26,270克,主食材
813,84,1个,主食材
813,5,2克,主食材
813,27,4克,主食材
813,86,20克,主食材
813,81,30克,主食材
813,85,100克,主食材
813,65,20克,辅料
814,260,一条约500g,主食材
814,3,四根,辅料
814,243,一个,辅料
814,77,100毫升,辅料
814,4,适量,辅料
814,5,少量,辅料
814,21,适量,辅料
814,7,少量,辅料
815,417,1个,主食材
815,418,250g,主食材
815,65,50g,辅料
815,85,25g,辅料
815,137,适量,辅料
815,419,适量,辅料
816,10,3个,主食材
816,420,300g,主食材
816,1,一个,辅料
816,3,一条,辅料
817,130,2个,辅料
817,421,100克,辅料
817,341,1把,辅料
817,123,1根,辅料
817,97,3根,辅料
817,42,2朵,辅料
817,328,4根,辅料
817,181,4根,辅料
817,92,1段,辅料
817,422,1片,辅料
817,153,3多,辅料
817,423,1把,辅料
817,424,1块,辅料
817,188,1把,辅料
817,3,1段,辅料
817,2,2片,辅料
817,1,3瓣,辅料
817,6,1勺,辅料
817,21,2勺,辅料
817,23,1勺,辅料
817,22,1勺,辅料
817,5,2勺,辅料
817,425,1勺,辅料
818,426,适量,主食材
818,92,适量,主食材
818,3,适量,主食材
818,5,适量,辅料
818,6,适量,辅料
818,22,适量,辅料
818,21,适量,辅料
818,62,适量,辅料
819,193,600克,主食材
819,427,6个,主食材
819,13,1根,主食材
819,2,2片,辅料
819,247,适量,辅料
819,5,1克,辅料
820,197,1块,主食材
820,209,6根,主食材
820,47,1个,主食材
820,42,2朵,辅料
820,1,4瓣,辅料
820,4,10克,辅料
820,247,半碗,辅料
820,7,20克,辅料
821,84,3个,主食材
821,37,75克,主食材
821,134,55克,主食材
821,136,45克,主食材
822,128,适量,主食材
822,3,适量,辅料
823,193,3条,主食材
823,2,适量,辅料
823,3,适量,辅料
823,1,适量,辅料
823,22,适量,辅料
823,21,适量,辅料
823,61,适量,辅料
824,128,约120克,主食材
824,309,适量,主食材
824,84,两个,主食材
824,3,少许,辅料
824,57,少许,辅料
824,7,少许,辅料
824,5,少许,辅料
825,26,200克,主食材
825,481,80克,主食材
825,27,5+2克,辅料
825,67,适量,辅料
825,85,一瓶,辅料
825,36,适量,辅料
825,482,适量,辅料
825,483,适量,辅料
826,84,5个,主食材
826,37,90g,主食材
826,85,80g,主食材
826,103,20g,主食材
826,5,5g,主食材
826,81,60g,主食材
826,484,适量,辅料
826,3,适量,辅料
826,320,适量,辅料
826,229,适量,辅料
826,350,几滴,辅料
827,485,300g,主食材
827,486,10个,主食材
827,487,250g,辅料
827,488,适量,辅料
828,116,适量,主食材
828,401,适量,主食材
828,209,适量,主食材
828,64,一小勺,辅料
828,103,8毫升,辅料
828,5,1克,辅料
828,22,2毫升,辅料
829,347,适量,主食材
829,218,适量,主食材
829,90,适量,主食材
829,106,适量,主食材
829,184,适量,主食材
829,52,适量,辅料
830,2,两块,主食材
830,5,少许,辅料
830,22,3毫升,辅料
830,6,5毫升,辅料
830,67,1克,辅料
831,492,400g,主食材
831,61,2勺,辅料
831,26,1勺,辅料
831,3,1勺,辅料
831,24,1匙,辅料
831,5,适量,辅料
832,355,250g,主食材
832,18,75g,主食材
832,61,1勺,辅料
832,3,适量,辅料
832,2,适量,辅料
832,1,适量,辅料
832,22,1匙,辅料
832,5,适量,辅料
833,36,适量,辅料
834,147,适量,主食材
834,489,适量,主食材
834,90,适量,主食材
834,36,适量,辅料
834,106,适量,辅料
835,171,适量,主食材
835,305,一个,主食材
835,14,一个,主食材
835,209,适量,辅料
836,7,适量,辅料
836,195,适量,辅料
836,21,适量,辅料
836,5,适量,辅料
836,67,适量,辅料
837,88,250克,主食材
837,134,25克,主食材
837,27,3克,主食材
837,84,（含刷面）1个,主食材
837,65,（室温软化）25克,主食材
837,52,90克,主食材
837,264,2克,主食材
837,101,7克,主食材
837,50,35克,主食材
837,127,适量,辅料
837,65,（抹烤盘用）15克,辅料
838,84,3个,主食材
838,112,1棵,主食材
838,13,半根,主食材
838,41,半个,主食材
838,268,3片,主食材
838,153,5朵,主食材
838,262,1把,主食材
838,344,40个,主食材
838,6,1勺,辅料
838,21,2勺,辅料
838,48,半勺,辅料
838,57,1勺,辅料
838,71,半勺,辅料
838,5,1勺,辅料
839,193,2条,主食材
839,115,适量,主食材
839,2,适量,辅料
839,5,适量,辅料
839,21,适量,辅料
839,22,适量,辅料
839,61,适量,辅料
840,120,一根,主食材
840,13,半根,主食材
840,313,少许,主食材
840,204,少许,辅料
840,259,少许,辅料
840,5,少许,辅料
840,71,少许,辅料
840,321,少许,辅料
840,22,少许,辅料
840,1,少许,辅料
841,122,9个,主食材
841,457,一杯,辅料
841,2,几片,辅料
841,3,少量,辅料
841,5,少量,辅料
841,7,少量,辅料
841,4,适量,辅料
842,84,三个,主食材
842,249,几根,辅料
842,5,适量,辅料
842,6,一勺,辅料
842,4,适量,辅料
843,458,适量,主食材
843,3,适量,辅料
843,2,适量,辅料
843,1,适量,辅料
843,162,2个,辅料
843,60,2个,辅料
843,5,适量,辅料
843,121,适量,辅料
843,24,适量,辅料
843,6,适量,辅料
843,22,适量,辅料
843,23,适量,辅料
843,21,适量,辅料
844,65,200克,主食材
844,134,200克,主食材
844,84,170克,主食材
844,37,200克,主食材
844,110,5克,主食材
844,100,2克,主食材
844,459,60克,主食材
844,337,适量,辅料
844,377,适量,辅料
845,63,适量,主食材
845,460,少许,辅料
845,47,少许,辅料
846,56,1-2把,主食材
846,112,几朵,辅料
846,31,半个,辅料
846,461,几片,辅料
846,120,半根,辅料
846,14,几片,辅料
846,243,2个,辅料
846,1,适量,辅料
846,127,适量,辅料
846,462,150克（适量）,辅料
846,22,2勺,辅料
846,321,2勺,辅料
846,67,2勺,辅料
846,5,1匙,辅料
847,18,(牛肉也行)适量,主食材
847,160,1把,辅料
847,21,1勺,辅料
847,5,1勺,辅料
847,67,1勺,辅料
847,121,1勺,辅料
848,70,适量,主食材
848,3,适量,辅料
848,2,适量,辅料
848,162,适量,辅料
848,162,适量,辅料
848,463,适量,辅料
848,67,适量,辅料
848,106,适量,辅料
849,392,300g,主食材
849,153,适量,主食材
849,328,适量,主食材
849,84,1个,辅料
849,3,1段,辅料
849,1,2瓣,辅料
849,2,2片,辅料
849,5,适量,辅料
849,22,2匙,辅料
849,23,半匙,辅料
849,6,1匙,辅料
849,54,2匙,辅料
849,9,少许,辅料
849,17,1匙,辅料
849,4,适量,辅料
850,26,500g,主食材
850,84,1个,主食材
850,28,适量,主食材
850,10,适量,辅料
850,464,适量,辅料
851,88,250克,主食材
851,134,25克,主食材
851,27,3克,主食材
851,84,（含刷面）1个,主食材
851,65,（室温软化）25克,主食材
851,52,90克,主食材
851,264,2克,主食材
851,101,7克,主食材
851,50,35克,主食材
851,127,适量,辅料
851,65,（抹烤盘用）15克,辅料
852,84,3个,主食材
852,112,1棵,主食材
852,13,半根,主食材
852,41,半个,主食材
852,268,3片,主食材
852,153,5朵,主食材
852,262,1把,主食材
852,344,40个,主食材
852,6,1勺,辅料
852,21,2勺,辅料
852,48,半勺,辅料
852,57,1勺,辅料
852,71,半勺,辅料
852,5,1勺,辅料
853,193,2条,主食材
853,115,适量,主食材
853,2,适量,辅料
853,5,适量,辅料
853,21,适量,辅料
853,22,适量,辅料
853,61,适量,辅料
854,120,一根,主食材
854,13,半根,主食材
854,313,少许,主食材
854,204,少许,辅料
854,259,少许,辅料
854,5,少许,辅料
854,71,少许,辅料
854,321,少许,辅料
854,22,少许,辅料
854,1,少许,辅料
855,4,半匙,辅料
855,164,50g,辅料
855,493,70g,辅料
855,494,三分之一根,辅料
855,3,小许,辅料
855,22,5g,辅料
857,70,适量,主食材
857,301,一个,主食材
858,206,一个,主食材
858,2,30g,辅料
858,69,100g,辅料
858,183,适量,辅料
858,5,适量,辅料
859,79,1根,主食材
859,26,约200克,主食材
859,27,3克,辅料
859,320,1把,辅料
859,67,10克,辅料
860,92,175克,主食材
860,207,185克,主食材
860,5,适量,辅料
860,121,适量,辅料
861,153,10g,主食材
861,347,10g,主食材
861,97,2棵,辅料
861,1,2瓣,辅料
861,4,少许,辅料
861,5,1g,辅料
861,22,10g,辅料
861,99,10g,辅料
861,57,3g,辅料
862,10,适量,主食材
862,5,少量,辅料
863,495,一个,主食材
863,97,适量,辅料
863,70,适量,辅料
863,103,适量,辅料
863,23,半勺,辅料
863,22,2勺,辅料
863,248,一勺,辅料
863,6,一勺,辅料
863,388,三勺,辅料
863,246,一瓶,辅料
863,5,适量,辅料
864,25,适量,主食材
864,226,一个,辅料
864,1,适量,辅料
864,2,适量,辅料
864,103,适量,辅料
864,5,适量,辅料
865,1,适量,辅料
865,98,适量,辅料
865,5,适量,辅料
865,22,适量,辅料
865,99,适量,辅料
866,26,300克,主食材
866,27,3克,辅料
866,5,3克,辅料
866,94,70克,辅料
866,342,100克,辅料
866,205,500克,辅料
867,169,约100克,主食材
867,102,1/4小勺,主食材
867,9,1/3小勺,主食材
867,66,1/2大勺,主食材
867,205,2大勺,主食材
867,115,约350克,辅料
867,264,1小勺,辅料
867,205,1/2大勺,辅料
867,211,1大满勺,辅料
867,1,1大勺,辅料
867,2,1撮,辅料
868,496,500克,主食材
868,59,2个,主食材
868,77,50克,辅料
868,2,3片,辅料
868,249,5克,辅料
869,3,适量,辅料
869,2,适量,辅料
869,162,适量,辅料
869,191,适量,辅料
869,375,适量,辅料
869,192,适量,辅料
869,161,适量,辅料
869,5,适量,辅料
869,36,适量,辅料
869,6,适量,辅料
870,289,一只,主食材
870,497,一杯,辅料
870,4,一杯（花雕酒的1/3）,辅料
870,7,一杯（花雕酒的1/2）,辅料
870,123,适量,辅料
870,2,适量,辅料
870,1,适量,辅料
871,169,200g,主食材
871,188,100g,辅料
871,1,3粒,辅料
871,60,5个,辅料
871,242,适量,辅料
871,54,适量,辅料
871,15,1棵,辅料
871,97,2棵,辅料
871,2,少许,辅料
871,161,2g,辅料
871,29,5g,辅料
871,5,3g,辅料
871,22,1勺,辅料
871,23,少许,辅料
871,64,1勺,辅料
872,498,2片,主食材
872,458,适量,主食材
872,499,适量,辅料
872,229,适量,辅料
873,171,适量,主食材
873,69,适量,主食材
873,243,适量,辅料
873,3,适量,辅料
873,1,适量,辅料
873,21,1勺,辅料
873,22,1勺,辅料
873,17,1勺,辅料
873,5,适量,辅料
873,67,半勺,辅料
873,500,适量,辅料
874,59,6片,主食材
874,373,80g,主食材
874,5,（腌萝卜）1g,辅料
874,3,小许,辅料
874,4,小许,辅料
874,5,小许,辅料
874,71,小许,辅料
874,22,3g,辅料
874,2,适量,辅料
875,26,200克,主食材
875,134,20克,主食材
875,27,3克,主食材
875,264,2克,主食材
875,257,适量,辅料
876,15,一把,主食材
876,84,三个,主食材
876,61,适量,辅料
876,5,少许,辅料
877,26,适量,主食材
877,94,适量,主食材
877,96,适量,主食材
877,95,适量,主食材
877,501,适量,主食材
877,3,适量,辅料
877,154,适量,辅料
877,361,适量,辅料
877,5,适量,辅料
877,4,适量,辅料
877,62,适量,辅料
877,48,适量,辅料
877,17,适量,辅料
877,7,适量,辅料
877,242,适量,辅料
877,127,适量,辅料
878,193,适量,主食材
878,12,适量,主食材
878,59,适量,主食材
878,32,适量,辅料
878,2,适量,辅料
878,3,适量,辅料
878,26,适量,辅料
878,5,适量,辅料
879,502,一袋,主食材
879,84,一个,主食材
879,254,适量,主食材
879,207,适量,辅料
879,36,适量,辅料
879,503,适量,辅料
879,7,适量,辅料
879,504,适量,辅料
880,505,100g,主食材
880,5,或沙拉酱，小许,辅料
881,4,适量,辅料
881,5,少量,辅料
881,21,适量,辅料
882,301,1根,主食材
882,344,16张,主食材
882,132,20克,主食材
882,86,20克,辅料
882,255,50克,辅料
882,29,少许,辅料
883,84,2个,主食材
883,134,67克,主食材
883,50,6克,主食材
883,85,15克,主食材
883,36,5克,主食材
883,284,15克,主食材
883,37,67克,主食材
883,103,16克,主食材
883,127,适量,主食材
884,26,300克,主食材
884,506,适量,主食材
884,507,适量,主食材
884,55,适量,辅料
884,98,适量,辅料
884,5,适量,辅料
884,27,3克,辅料
884,103,适量,辅料
885,219,适量,主食材
885,508,适量,辅料
885,32,适量,辅料
886,188,适量,主食材
886,451,适量,辅料
886,19,适量,辅料
886,103,适量,辅料
886,5,适量,辅料
886,3,适量,辅料
887,70,适量,主食材
887,142,适量,辅料
887,6,5克,辅料
887,388,30克,辅料
887,23,1勺,辅料
887,22,2勺,辅料
887,106,适量,辅料
887,5,适量,辅料
887,3,适量,辅料
887,2,适量,辅料
887,162,适量,辅料
888,286,300g,主食材
888,316,200g,主食材
888,155,2个,主食材
888,54,20g,主食材
888,2,20g,辅料
888,3,1棵,辅料
888,320,20g,辅料
888,29,500g,辅料
888,5,3g,辅料
888,9,2g,辅料
888,22,1勺,辅料
889,509,1包（大约90个）,主食材
889,3,适量,辅料
889,161,适量,辅料
889,60,适量,辅料
889,2,适量,辅料
889,23,适量,辅料
889,21,适量,辅料
889,22,适量,辅料
889,67,适量,辅料
889,71,适量,辅料
890,260,一条500g,主食材
890,2,适量,辅料
890,3,15g,辅料
890,243,一个,辅料
890,4,适量,辅料
890,5,适量,辅料
890,77,100毫升,辅料
890,7,10毫升,辅料
890,21,15毫升,辅料
891,130,一个,主食材
891,116,适量,主食材
891,3,适量,主食材
891,103,5毫升,辅料
891,5,少许,辅料
892,77,适量,主食材
892,2,几片,主食材
892,510,适量,主食材
892,22,2毫升,辅料
892,5,少许,辅料
892,103,8毫升,辅料
893,222,适量,辅料
894,116,适量,主食材
894,145,适量,主食材
894,511,适量,主食材
894,21,一小勺,辅料
894,5,2克,辅料
894,22,3毫升,辅料
894,6,3毫升,辅料
895,92,适量,主食材
895,39,适量,主食材
895,193,适量,主食材
895,131,几个,主食材
895,5,少许,辅料
896,171,适量,主食材
896,96,适量,主食材
896,468,一条,主食材
896,2,几片,主食材
896,103,10毫升,辅料
896,5,少许,辅料
897,358,适量,主食材
897,512,一个,主食材
897,513,500g,主食材
897,84,两个,辅料
897,4,适量,辅料
897,5,少量,辅料
897,21,适量,辅料
898,88,240克,主食材
898,37,60克,主食材
898,36,180克,主食材
898,65,20克,主食材
898,510,16个,辅料
898,209,1个,辅料
898,42,5个,辅料
898,11,适量,辅料
898,12,适量,辅料
898,514,6片,辅料
898,515,适量,辅料
898,180,适量,辅料
898,47,1个,辅料
898,4,1汤匙,辅料
898,5,1小勺,辅料
899,114,适量,主食材
899,10,适量,辅料
899,13,适量,辅料
899,514,适量,辅料
899,179,适量,辅料
899,41,适量,辅料
900,96,1块,主食材
900,193,随意,辅料
900,516,少许,辅料
901,317,300g,主食材
901,243,3个,主食材
901,2,5块,辅料
901,1,3粒,辅料
901,29,5g,辅料
901,5,3g,辅料
901,21,1勺,辅料
901,23,少许,辅料
901,22,适量,辅料
902,84,1个,主食材
902,517,1个,辅料
902,85,适量,辅料
902,67,1勺,辅料
903,26,400g,主食材
903,67,60g,主食材
903,5,1g,主食材
903,100,10g,主食材
903,84,2个,主食材
903,85,1小碗,主食材
903,65,180g,主食材
903,219,1个,辅料
903,31,1个,辅料
903,67,90g,辅料
903,65,30g,辅料
903,518,适量,辅料
903,519,适量,辅料
903,84,1个,辅料
903,85,1小勺,辅料
904,447,2个,主食材
904,290,适量,主食材
904,14,适量,主食材
904,520,适量,辅料
904,5,适量,辅料
904,4,适量,辅料
905,286,1块,主食材
905,521,200克,主食材
905,47,1个,主食材
905,209,1个,主食材
905,256,适量,主食材
905,5,少许,辅料
905,67,少许,辅料
906,522,一把,主食材
906,3,适量,辅料
907,384,250g,主食材
908,132,500g,主食材
908,133,适量,辅料
908,94,适量,辅料
909,320,125g,主食材
909,257,125g,主食材
909,67,100g,辅料
909,65,100g,辅料
910,95,半个,主食材
910,56,1把,辅料
910,13,半根,辅料
910,84,三个,辅料
910,1,3瓣,辅料
910,3,1段,辅料
910,4,适量,辅料
910,23,少许,辅料
910,21,1勺,辅料
910,22,1勺,辅料
910,5,少许,辅料
910,67,1勺,辅料
910,9,少许,辅料
911,84,4个,主食材
911,363,10只,主食材
911,120,半个,辅料
911,249,6颗,辅料
911,2,1块,辅料
911,5,适量,辅料
911,9,1勺,辅料
911,6,半勺,辅料
912,308,适量,主食材
912,523,适量,主食材
912,1,适量,辅料
912,67,适量,辅料
912,71,适量,辅料
913,37,50克,主食材
913,29,45克,主食材
913,86,30克,主食材
913,84,4个,主食材
913,81,35克,主食材
913,66,5克,主食材
913,282,适量,辅料
914,479,适量,主食材
914,1,适量,辅料
914,467,适量,辅料
914,524,适量,辅料
914,127,适量,辅料
915,525,700g,主食材
915,3,适量,辅料
915,2,适量,辅料
915,1,适量,辅料
915,526,2勺,辅料
915,23,1勺,辅料
915,6,3勺,辅料
915,21,2勺,辅料
915,51,1块,辅料
916,214,1公斤,主食材
916,527,1把,主食材
916,154,2根,主食材
916,528,3粒,辅料
916,5,适量,辅料
917,265,80G,主食材
917,88,120g,主食材
917,207,适量,辅料
918,529,半碗,主食材
918,96,1块,主食材
918,13,1段,主食材
918,55,1把,主食材
918,153,3朵,主食材
918,423,1把,主食材
918,84,1个,主食材
918,181,1把,主食材
918,42,3朵,主食材
918,415,1段,主食材
918,123,1根,辅料
918,1,3瓣,辅料
918,21,1勺,辅料
918,7,2勺,辅料
918,99,2勺,辅料
918,5,2勺,辅料
918,62,2勺,辅料
918,150,2勺,辅料
919,530,适量,辅料
919,87,适量,辅料
920,531,1个,主食材
920,202,5个,辅料
920,532,20g,辅料
920,204,2勺,辅料
920,17,1勺,辅料
920,5,适量,辅料
921,128,50g,主食材
921,169,20g,辅料
921,533,20g,辅料
921,204,3勺,辅料
921,5,适量,辅料
921,17,1勺,辅料
921,22,1勺,辅料
922,128,100g,主食材
922,84,2个,辅料
922,171,30g,辅料
922,403,2勺,辅料
922,3,2勺,辅料
922,534,3勺,辅料
922,5,适量,辅料
923,2,适量,辅料
923,5,适量,辅料
923,22,适量,辅料
923,21,适量,辅料
923,61,适量,辅料
924,260,半条,主食材
924,2,适量,辅料
924,5,半勺,辅料
924,6,1勺,辅料
924,54,1勺,辅料
924,4,2勺,辅料
924,203,适量,辅料
924,145,适量,辅料
924,160,适量,辅料
925,4,适量,辅料
925,5,少量,辅料
925,21,适量,辅料
926,301,1根,主食材
926,344,16张,主食材
926,132,20克,主食材
926,86,20克,辅料
926,255,50克,辅料
926,29,少许,辅料
927,84,2个,主食材
927,134,67克,主食材
927,50,6克,主食材
927,85,15克,主食材
927,36,5克,主食材
927,284,15克,主食材
927,37,67克,主食材
927,103,16克,主食材
927,127,适量,主食材
928,26,300克,主食材
928,506,适量,主食材
928,507,适量,主食材
928,55,适量,辅料
928,98,适量,辅料
928,5,适量,辅料
928,27,3克,辅料
928,103,适量,辅料
929,219,适量,主食材
929,508,适量,辅料
929,32,适量,辅料
930,188,适量,主食材
930,451,适量,辅料
930,19,适量,辅料
930,103,适量,辅料
930,5,适量,辅料
930,3,适量,辅料
931,59,一个,主食材
931,106,8g,辅料
931,222,适量,辅料
932,153,10g,主食材
932,347,10g,主食材
932,97,2棵,辅料
932,1,2瓣,辅料
932,4,少许,辅料
932,5,1g,辅料
932,22,10g,辅料
932,99,10g,辅料
932,57,3g,辅料
933,10,适量,主食材
933,5,少量,辅料
934,495,一个,主食材
934,97,适量,辅料
934,70,适量,辅料
934,103,适量,辅料
934,23,半勺,辅料
934,22,2勺,辅料
934,248,一勺,辅料
934,6,一勺,辅料
934,388,三勺,辅料
934,246,一瓶,辅料
934,5,适量,辅料
935,25,适量,主食材
935,226,一个,辅料
935,1,适量,辅料
935,2,适量,辅料
935,103,适量,辅料
935,5,适量,辅料
936,1,适量,辅料
936,98,适量,辅料
936,5,适量,辅料
936,22,适量,辅料
936,99,适量,辅料
937,26,300克,主食材
937,27,3克,辅料
937,5,3克,辅料
937,94,70克,辅料
937,342,100克,辅料
937,205,500克,辅料
938,169,约100克,主食材
938,102,1/4小勺,主食材
938,9,1/3小勺,主食材
938,66,1/2大勺,主食材
938,205,2大勺,主食材
938,115,约350克,辅料
938,264,1小勺,辅料
938,205,1/2大勺,辅料
938,211,1大满勺,辅料
938,1,1大勺,辅料
938,2,1撮,辅料
939,496,500克,主食材
939,59,2个,主食材
939,77,50克,辅料
939,2,3片,辅料
939,249,5克,辅料
940,3,适量,辅料
940,2,适量,辅料
940,162,适量,辅料
940,191,适量,辅料
940,375,适量,辅料
940,192,适量,辅料
940,161,适量,辅料
940,5,适量,辅料
940,36,适量,辅料
940,6,适量,辅料
941,65,130克,主食材
941,282,1个,主食材
941,35,75克,辅料
942,84,4个,主食材
942,81,40克,主食材
942,85,40克,主食材
942,37,40克,主食材
942,307,450克,辅料
942,85,100克,辅料
942,136,110克,辅料
942,81,60-80克,辅料
943,65,45克,主食材
943,535,100克,主食材
943,5,2克,主食材
943,37,65克,主食材
943,84,2个,主食材
943,65,50克,辅料
943,37,50克,辅料
943,81,30-50克,辅料
944,531,2块,主食材
944,120,1段,辅料
944,13,1段,辅料
944,14,4片,辅料
944,489,2勺,辅料
944,320,1勺,辅料
944,3,2根,辅料
944,1,2瓣,辅料
944,243,2个,辅料
944,462,2勺,辅料
944,22,1勺,辅料
944,21,1勺,辅料
944,5,少许,辅料
944,195,1勺,辅料
944,204,1勺,辅料
946,42,适量,主食材
946,207,适量,主食材
946,429,适量,主食材
946,1,适量,辅料
946,4,适量,辅料
946,5,适量,辅料
946,22,适量,辅料
947,173,2个,主食材
947,67,1勺,辅料
948,193,450克,主食材
948,2,2片,辅料
948,162,2个,辅料
948,141,3片,辅料
948,6,1勺,辅料
948,4,2勺,辅料
948,5,半勺,辅料
948,3,4节,辅料
948,2,3片,辅料
948,1,10片,辅料
948,106,5克,辅料
948,467,1块,辅料
948,22,2勺,辅料
948,162,3个,辅料
949,115,200g,主食材
949,76,3个,主食材
949,243,2个,辅料
949,1,3粒,辅料
949,29,5g,辅料
949,5,5g,辅料
949,22,适量,辅料
949,23,少许,辅料
950,70,300g,主食材
950,10,1个,辅料
950,1,3粒,辅料
950,243,3个,辅料
950,29,5g,辅料
950,5,5g,辅料
950,22,适量,辅料
950,23,少许,辅料
951,171,适量,主食材
951,26,适量,辅料
951,1,6瓣,辅料
951,5,1勺,辅料
951,22,1勺,辅料
951,350,2勺,辅料
951,67,适量,辅料
951,71,适量,辅料
951,20,适量,辅料
951,61,适量,辅料
951,98,少许,辅料
951,320,少许,辅料
951,242,1勺,辅料
952,492,400g,主食材
952,61,2勺,辅料
952,26,1勺,辅料
952,3,1勺,辅料
952,24,1匙,辅料
952,5,适量,辅料
953,355,250g,主食材
953,18,75g,主食材
953,61,1勺,辅料
953,3,适量,辅料
953,2,适量,辅料
953,1,适量,辅料
953,22,1匙,辅料
953,5,适量,辅料
954,36,适量,辅料
955,147,适量,主食材
955,489,适量,主食材
955,90,适量,主食材
955,36,适量,辅料
955,106,适量,辅料
956,171,适量,主食材
956,305,一个,主食材
956,14,一个,主食材
956,209,适量,辅料
957,7,适量,辅料
957,195,适量,辅料
957,21,适量,辅料
957,5,适量,辅料
957,67,适量,辅料
958,88,250克,主食材
958,134,25克,主食材
958,27,3克,主食材
958,84,（含刷面）1个,主食材
958,65,（室温软化）25克,主食材
958,52,90克,主食材
958,264,2克,主食材
958,101,7克,主食材
958,50,35克,主食材
958,127,适量,辅料
958,65,（抹烤盘用）15克,辅料
959,84,3个,主食材
959,112,1棵,主食材
959,13,半根,主食材
959,41,半个,主食材
959,268,3片,主食材
959,153,5朵,主食材
959,262,1把,主食材
959,344,40个,主食材
959,6,1勺,辅料
959,21,2勺,辅料
959,48,半勺,辅料
959,57,1勺,辅料
959,71,半勺,辅料
959,5,1勺,辅料
960,193,2条,主食材
960,115,适量,主食材
960,2,适量,辅料
960,5,适量,辅料
960,21,适量,辅料
960,22,适量,辅料
960,61,适量,辅料
961,120,一根,主食材
961,13,半根,主食材
961,313,少许,主食材
961,204,少许,辅料
961,259,少许,辅料
961,5,少许,辅料
961,71,少许,辅料
961,321,少许,辅料
961,22,少许,辅料
961,1,少许,辅料
962,4,半匙,辅料
962,164,50g,辅料
962,493,70g,辅料
962,494,三分之一根,辅料
962,3,小许,辅料
962,22,5g,辅料
964,70,适量,主食材
964,301,一个,主食材
965,206,一个,主食材
965,2,30g,辅料
965,69,100g,辅料
965,183,适量,辅料
965,5,适量,辅料
966,79,1根,主食材
966,26,约200克,主食材
966,27,3克,辅料
966,320,1把,辅料
966,67,10克,辅料
967,92,175克,主食材
967,207,185克,主食材
967,5,适量,辅料
967,121,适量,辅料
968,4,适量,辅料
968,5,适量,辅料
969,286,650克,主食材
969,441,45克,主食材
969,5,3克,主食材
969,397,2.5个,主食材
969,66,6克,主食材
969,2,适量,主食材
969,1,适量,主食材
969,6,20克,主食材
970,435,一条,主食材
970,3,少量,辅料
970,4,适量,辅料
970,21,适量,辅料
970,7,适量,辅料
971,536,335克,主食材
971,5,适量,辅料
972,537,适量,主食材
972,146,适量,主食材
972,131,适量,主食材
973,538,200g,主食材
973,103,30g,辅料
973,84,3个,辅料
973,66,20g,辅料
973,37,45g,辅料
973,67,60g,辅料
973,350,几滴,辅料
974,128,175克,主食材
974,15,适量,辅料
974,7,适量,辅料
974,5,适量,辅料
974,121,适量,辅料
975,171,8片,主食材
975,286,200g,辅料
975,55,50g,辅料
975,13,30g,辅料
975,4,2勺,辅料
975,57,1勺,辅料
977,539,400g,主食材
977,109,1个,主食材
977,21,1勺,主食材
977,7,2勺,主食材
978,85,250g,主食材
978,155,1个,主食材
978,35,15g,主食材
978,66,25g,主食材
978,179,1片,主食材
978,452,少许,辅料
979,397,65克,主食材
979,35,30克,主食材
979,136,10克,主食材
980,171,150g,主食材
980,61,1勺,辅料
980,242,适量,辅料
980,5,适量,辅料
981,10,1个,主食材
981,13,1根,主食材
981,72,1根,主食材
981,447,1个,主食材
981,61,1勺,辅料
981,22,1匙,辅料
981,17,1匙,辅料
981,5,适量,辅料
982,85,2盒,主食材
982,540,1包,辅料
983,169,200g,主食材
983,188,100g,辅料
983,1,3粒,辅料
983,60,5个,辅料
983,242,适量,辅料
983,54,适量,辅料
983,15,1棵,辅料
983,97,2棵,辅料
983,2,少许,辅料
983,161,2g,辅料
983,29,5g,辅料
983,5,3g,辅料
983,22,1勺,辅料
983,23,少许,辅料
983,64,1勺,辅料
984,498,2片,主食材
984,458,适量,主食材
984,499,适量,辅料
984,229,适量,辅料
985,171,适量,主食材
985,69,适量,主食材
985,243,适量,辅料
985,3,适量,辅料
985,1,适量,辅料
985,21,1勺,辅料
985,22,1勺,辅料
985,17,1勺,辅料
985,5,适量,辅料
985,67,半勺,辅料
985,500,适量,辅料
986,59,6片,主食材
986,373,80g,主食材
986,5,（腌萝卜）1g,辅料
986,3,小许,辅料
986,4,小许,辅料
986,5,小许,辅料
986,71,小许,辅料
986,22,3g,辅料
986,2,适量,辅料
987,26,200克,主食材
987,134,20克,主食材
987,27,3克,主食材
987,264,2克,主食材
987,257,适量,辅料
988,15,一把,主食材
988,84,三个,主食材
988,61,适量,辅料
988,5,少许,辅料
989,26,适量,主食材
989,94,适量,主食材
989,96,适量,主食材
989,95,适量,主食材
989,501,适量,主食材
989,3,适量,辅料
989,154,适量,辅料
989,361,适量,辅料
989,5,适量,辅料
989,4,适量,辅料
989,62,适量,辅料
989,48,适量,辅料
989,17,适量,辅料
989,7,适量,辅料
989,242,适量,辅料
989,127,适量,辅料
990,193,适量,主食材
990,12,适量,主食材
990,59,适量,主食材
990,32,适量,辅料
990,2,适量,辅料
990,3,适量,辅料
990,26,适量,辅料
990,5,适量,辅料
991,10,适量,主食材
991,5,少量,辅料
992,495,一个,主食材
992,97,适量,辅料
992,70,适量,辅料
992,103,适量,辅料
992,23,半勺,辅料
992,22,2勺,辅料
992,248,一勺,辅料
992,6,一勺,辅料
992,388,三勺,辅料
992,246,一瓶,辅料
992,5,适量,辅料
993,25,适量,主食材
993,226,一个,辅料
993,1,适量,辅料
993,2,适量,辅料
993,103,适量,辅料
993,5,适量,辅料
994,1,适量,辅料
994,98,适量,辅料
994,5,适量,辅料
994,22,适量,辅料
994,99,适量,辅料
995,26,300克,主食材
995,27,3克,辅料
995,5,3克,辅料
995,94,70克,辅料
995,342,100克,辅料
995,205,500克,辅料
996,169,约100克,主食材
996,102,1/4小勺,主食材
996,9,1/3小勺,主食材
996,66,1/2大勺,主食材
996,205,2大勺,主食材
996,115,约350克,辅料
996,264,1小勺,辅料
996,205,1/2大勺,辅料
996,211,1大满勺,辅料
996,1,1大勺,辅料
996,2,1撮,辅料
997,496,500克,主食材
997,59,2个,主食材
997,77,50克,辅料
997,2,3片,辅料
997,249,5克,辅料
998,3,适量,辅料
998,2,适量,辅料
998,162,适量,辅料
998,191,适量,辅料
998,375,适量,辅料
998,192,适量,辅料
998,161,适量,辅料
998,5,适量,辅料
998,36,适量,辅料
998,6,适量,辅料
999,289,一只,主食材
999,497,一杯,辅料
999,4,一杯（花雕酒的1/3）,辅料
999,7,一杯（花雕酒的1/2）,辅料
999,123,适量,辅料
999,2,适量,辅料
999,1,适量,辅料
1000,219,一个,主食材
1000,52,适量,辅料
1000,81,两匙,辅料
1000,282,两勺,辅料
